video_url,user_url,username,title,view_num,created_at,shortdesc,collected_at
/watch?v=klDLZ6mAS1k&pp=ygUCdXc%3D,/@CampusMania,CampusMania,University of Washington | UW | 4K Campus Drone Tour,26K,1 year,A shortened version of our University of Washington campus tour in 4K! Watch our full tour of UW campus in 8K from here:¬†...,2024-01-29 06:10:28.971277
/watch?v=VqAIrYiTqCw&pp=ygUCdXc%3D,/@ColinCowherdPodcast,The Colin Cowherd Podcast,Texas-Washington Reaction: Michael Penix outduels Quinn Ewers; UW-Michigan title | Colin Cowherd CFP,110K,3 weeks,Colin Cowherd reacts to the Washington Huskies beating the Texas Longhorns in the Sugar Bowl in the College Football Playoff¬†...,2024-01-29 06:10:28.973437
/watch?v=HmKKy0zD-uw&pp=ygUCdXc%3D,/@hafu,Hafu Go,What's It Like Inside University of Washington? | UW Campus Crawl Tour,369K,3 years,"CAMPUS CRAWL is the series where I take you to the best college campuses across the world! I'll show you the student life,¬†...",2024-01-29 06:10:28.975616
/watch?v=gS7WczOL5YQ&pp=ygUCdXc%3D,/@espncfb,ESPN College Football,Sugar Bowl: Texas Longhorns vs. Washington Huskies | Full Game Highlights,1.9M,3 weeks,"Watch highlights from the Allstate Sugar Bowl where the Washington Huskies defeated the Texas Longhorns, 37-31. Michael¬†...",2024-01-29 06:10:40.707980
/watch?v=Y4hUItAdpbE&pp=ygUCdXc%3D,/@pac12,Pac-12 Networks,Selena Harris wins All-Around title | UCLA vs. UW Women's Gymnastics Highlights | 2024 Season,1.9K,1 day,Selena Harris won the all-around title (39.625) in No. 15 UCLA's 197.825-196.300 win over Washington at Pauley Pavilion on Jan¬†...,2024-01-29 06:10:40.709752
/watch?v=11_rdPiRwo8&pp=ygUCdXc%3D,/@espncfb,ESPN College Football,Pac-12 Championship Game: Oregon Ducks vs. Washington Huskies | Full Game Highlights,1.6M,1 month,"The Washington Huskies defeat the Oregon Ducks, 34-31, in the Pac-12 Championship Game. Michael Penix Jr. threw for 319¬†...",2024-01-29 06:10:40.711593
/watch?v=4QHzR43852I&pp=ygUCdXc%3D,/@universityofwashington,UW (University of Washington),UW Admissions - frequently asked questions,45K,5 years,"UW Admissions counselors talk here about the application process -- weighing academic and personal achievement, submission¬†...",2024-01-29 06:10:40.713514
/watch?v=jClxvlHJC44&pp=ygUCdXc%3D,/@fox13seattle,FOX 13 Seattle,UW vs. Oregon College GameDay: Hilarious interview,21K,3 months,University of Washington is facing University of Oregon in Seattle for College GameDay. FOX 13's Alyssa Charleston interviews¬†...,2024-01-29 06:10:40.715178
/watch?v=Otv034NAG8s&pp=ygUCdXc%3D,/@universityofwashington,UW (University of Washington),UW Campus Tour: IMA,49K,5 years,"The UW's Intramural Activities building is the spot on campus if you're looking for a complete workout, as well as the place for¬†...",2024-01-29 06:10:40.717656
/watch?v=EBdREJkch8g&pp=ygUCdXc%3D,/@espncfb,ESPN College Football,CFP National Championship: Michigan Wolverines vs. Washington Huskies | Full Game Highlights,2.9M,2 weeks,"Check out these highlights from the 2024 College Football Playoff National Championship, where the No. 1 Michigan Wolverines¬†...",2024-01-29 06:10:40.719276
/watch?v=uhF872NfGSk&pp=ygUCdXc%3D,/@UWVideo,UW Video,"Football: PAC-12 Championship - UW vs Oregon, 12/01/23",171K,1 month,"Football: PAC-12 Championship - UW vs Oregon, 12/01/23.",2024-01-29 06:10:40.721280
/watch?v=rrc0Y3JMk6Q&pp=ygUCdXc%3D,/@espncfb,ESPN College Football,Washington Huskies vs. USC Trojans | Full Game Highlights,759K,2 months,"See full game highlights as the No. 5 Washington Huskies edged past the USC Trojans, 52-42, with QB Michael Penix Jr. throwing¬†...",2024-01-29 06:10:40.723455
/watch?v=tJTxnA6_PMY&pp=ygUCdXc%3D,/@RichEisenShow,The Rich Eisen Show,Charles Woodson: Michigan ‚ÄúWill Have Our Hands Full‚Äù vs UW‚Äôs Passing Attack | The Rich Eisen Show,39K,3 weeks,Pro Football Hall of Famer/Michigan alum Charles Woodson and Rich Eisen discuss the Wolverines' Rose Bowl win over¬†...,2024-01-29 06:10:40.725149
/watch?v=nG3PNwPmCIU&pp=ygUCdXc%3D,/@jessicastarsinspace2563,Jessicastarsinspace,How Difficult is it to Get Into Every Major at UW?,20K,2 years,... student at uw anyway the point of today's video is to talk about the different majors at the university of washington and how easy¬†...,2024-01-29 06:10:40.726574
/watch?v=imvhp7RWuG8&pp=ygUCdXc%3D,/@dobochobo,dobochobo,"college life vlog üå∏‚òîÔ∏è spring classes, cherry blossoms, & tips from a UW student!",446K,1 year,"hello friends!! surprised to see me so soon again? this video is for all my future college kiddos, a vlog sprinkled with¬†...",2024-01-29 06:10:40.730065
/watch?v=PceuSD7syMs&pp=ygUCdXc%3D,/@UWHFS,UWHFS,UW HFS | How To Move In To The UW,20K,1 year,Make sure you like and subscribe for more content coming soon! To learn more about University of Washington's Housing & Food¬†...,2024-01-29 06:10:40.731456
/watch?v=D4R-YZ-VZhQ&pp=ygUCdXc%3D,/@adamgresch,Adam Gresch,Why You Should Go to the University of Washington,141K,5 years,A peek into what actually makes the University of Washington such a great place to go to school. Hint: It's not all the usual stuff you¬†...,2024-01-29 06:10:52.298259
/watch?v=7SrraT7Ir3w&pp=ygUCdXc%3D,/@KING5Seattle,KING 5 Seattle,Record-setting freshman class moves in at UW campus,4.3K,1 year,A packed car and a hopeful freshman may be the latest metric that the world is getting back to normal. The University of¬†...,2024-01-29 06:10:52.299374
/watch?v=TOF27C0mJ20&pp=ygUCdXc%3D,/@SeattleSports710,Seattle Sports,"Brock Huard on UW head coach Kalen DeBoer - ""He's gone.""",23K,2 weeks,Here is the video of Seattle Sports host Brock Huard talking through the latest news out of Montlake regarding the Washington¬†...,2024-01-29 06:10:52.300412
/watch?v=lzf_LTtKrTw&pp=ygUCdXc%3D,/@fox6milwaukee,FOX6 News Milwaukee,UW-Whitewater racist incident | FOX6 News Milwaukee,3.1K,6 days,A group of people projected a swastika on a residence hall at a University of Wisconsin-Whitewater dorm and chanted racist¬†...,2024-01-29 06:10:52.301524
/watch?v=s5pfHG6YQhw&pp=ygUCdXc%3D,/@SeattleSports710,Seattle Sports,Former UW head coach Chris Petersen previews the UW vs Texas College Football Playoff game,15K,1 month,Former University of Washington head coach Chris Petersen joined Brock Huard and Damon Huard to talk about the upcoming¬†...,2024-01-29 06:10:52.302916
/watch?v=wk8X2giqWM0&pp=ygUCdXc%3D,/@KiaraMadisen,Kiara Madisen,"Life as a UW Student in Seattle, WA | ft. Kam Schalk",68K,2 years,Finally got to live out my dream of exploring life as a student at my rival university! Kam and I reunite for the best 24 hour trip full of¬†...,2024-01-29 06:10:52.304017
/watch?v=SgFdTaV1_04&pp=ygUCdXc%3D,/@TaylorQuynh,Taylor Quynh,How I Got Into UW Seattle as an Out of State Student: High School Stats + Application,16K,2 years,I applied to UW in 2019 as an out of state student. I grew up in Seattle so UW was my dream school and I am so happy here!,2024-01-29 06:10:52.305582
/watch?v=Kjv3RYsWnzQ&pp=ygUCdXc%3D,/@espncfb,ESPN College Football,Oregon Ducks vs. Washington Huskies | Full Game Highlights,799K,3 months,Watch highlights as the No. 7 Washington Huskies eked out a 36-33 win over the No. 8 Oregon Ducks. QB Michael Penix Jr. threw¬†...,2024-01-29 06:10:52.306768
/watch?v=6gRyWWy9jTM&pp=ygUCdXc%3D,/@KING5Seattle,KING 5 Seattle,"WATCH: UW introduces Jedd Fisch, new head football coach",6.5K,Streamed 12 days,Jedd Fisch is being introduced as the next UW football head coach.,2024-01-29 06:10:52.308635
/watch?v=0jR6ix-Nzqw&pp=ygUCdXc%3D,/@uwmadison,uwmadison,UW-Madison's Time Honored Varsity - with captioning,114K,8 years,"The traditional arm-waving at the end of the song, ""Varsity,"" was the 1934 brainstorm of band leader Ray Dvorak. He saw¬†...",2024-01-29 06:10:52.309664
/watch?v=OMcXkXn47UQ&pp=ygUCdXc%3D,/@universityofwashington,UW (University of Washington),UW Campus Tour: Hidden Gems,33K,5 years,"UW campus tour guide Liam shows off some of the best kept secrets on campus for studying, hanging out or quiet reflection.",2024-01-29 06:10:52.311218
/watch?v=Y-cn6v6VGj4&pp=ygUCdXc%3D,/@CampusMania,CampusMania,University of Washington | UW | 8K Campus Drone Tour,30K,2 years,An 8K tour of University of Washington campus! Check below for selected chapters of the video. Washington Universities Playlist:¬†...,2024-01-29 06:10:52.312771
/watch?v=A6Aw5n4a87w&pp=ygUCdXc%3D,/@WISN,WISN 12 News,UW-Whitewater students alarmed by neo-Nazi demonstration on campus,1.7K,6 days,"The university said a group screamed racist chants outside a residence hall, lighting flares and displaying antisemitic symbols.",2024-01-29 06:10:52.314100
/watch?v=LXzT-dTXjRg&pp=ygUCdXc%3D,/@KING5Seattle,KING 5 Seattle,"'I'm gutted, but still proud': UW fans in Houston and Seattle react to title game loss",43K,2 weeks,The University of Washington fell short of a national championship. The top-ranked Michigan Wolverines overpowered the¬†...,2024-01-29 06:10:52.314943
/watch?v=T7T87LRNJg8&pp=ygUCdXc%3D,/@DanhLuong,Danh Luong,A day in my life at the University of Washington | Computer Science major | Cherry Blossom at UW,21K,1 year,[ENGSUB] [VIETSUB] I went back to the University of Washington to meet up with some friends and enjoy student life once again.,2024-01-29 06:10:52.316226
/watch?v=2nuOJrR1LdA&pp=ygUCdXc%3D,/@SeattleSports710,Seattle Sports,"Brock & Damon‚Äôs Playoff Preview: The biggest factors between UW and Texas, with Billy Joe Hobert",10K,1 month,Former UW quarterbacks Brock and Damon Huard dive into the Huskies matchup vs Texas in the College Football Playoffs in the¬†...,2024-01-29 06:10:52.317090
/watch?v=KolT7qz7xvw&pp=ygUCdXc%3D,/@RichEisenShow,The Rich Eisen Show,Rich Eisen Reacts to Alabama Hiring UW‚Äôs Kalen DeBoer to Replace Nick Saban | The Rich Eisen Show,90K,2 weeks,Rich Eisen and the guys react to Alabama hiring Washington Huskies HC Kalen DeBoer to replace the retiring Nick Saban.,2024-01-29 06:10:52.317978
/watch?v=APXd_eWlkFI&pp=ygUCdXc%3D,/@fox6milwaukee,FOX6 News Milwaukee,UW Marching Band wows crowds in southern California,180K,10 years,No description.,2024-01-29 06:11:04.466436
/watch?v=wEjiipnB8Cs&pp=ygUCdXc%3D,/@universityofwashington,UW (University of Washington),2023's UW News video highlights,2.3K,1 month,"This minute-long video is a glimpse at just some of the video stories the UW News office produced this year. In 2023, UW students,¬†...",2024-01-29 06:11:04.467419
/watch?v=vKE8r95RgDI&pp=ygUCdXc%3D,/@tmj4,TMJ4 News,UW-Madison fraternity suspended after throwing a TV off roof,37K,5 years,"The University of Wisconsin Madison fraternity, Kappa Sigma, was suspended on Thursday after throwing a TV off the roof and¬†...",2024-01-29 06:11:04.468966
/watch?v=gyEhHVV6vZU&pp=ygUCdXc%3D,/@AndreaMengucci,Andrea Mengucci VEEDEO,UW Control with Preordain & Day's Undoing | Modern¬†|¬†MTGO,5.6K,1 day,Time Stamps: 0:00 Intro 0:27 Round 1 VS Yawgmoth 18:08 Round 2 VS Hardened Scales 1:09:35 Round 3 VS Humans 1:49:12¬†...,2024-01-29 06:11:04.470205
/watch?v=GWy2_kwav6M&pp=ygUCdXc%3D,/@UWContinuingEd,UWContinuingEd,UW Campus,4.3K,4 years,World-class. Innovative. Beautiful. This aerial and on-the-ground tour shows what makes the University of Washington campus in¬†...,2024-01-29 06:11:04.473184
/watch?v=gOmiwd2HS_c&pp=ygUCdXc%3D,/@UWVideo,UW Video,University of Washington Campus Tour,461K,11 years,"Check out the University of Washington's main campus, with a look at the natural beauty and architectural wonders that make the¬†...",2024-01-29 06:11:04.474074
/shorts/b55GPseffpo,/@AstroTurfUSA,AstroTurfUSA,"The stadium of UW Football is know as ""The Greatest Setting in College Football""",16K,1 year,"The inventor of synthetic turf, AstroTurf is one of the most iconic brands in American sports ‚Äî as legendary as the athletes who've¬†...",2024-01-29 06:11:04.474952
/watch?v=Gq7DxcpuYMM&pp=ygUCdXc%3D,/@BECUVideo,BECU credit union,UW Bow Down to Washington | Singalong Song | Produced by BECU,80K,5 years,"As a proud partner of the University of Washington, BECU has collaborated with some of their most famous alumni to perform the¬†...",2024-01-29 06:11:04.476246
/watch?v=VxsbGDcQar4&pp=ygUCdXc%3D,/@KING5Seattle,KING 5 Seattle,UW fans welcome back Huskies after thrilling Sugar Bowl win,19K,3 weeks,"The Huskies arrived at Husky Stadium around 2:45 p.m. Tuesday, less than 24 hours after its 37-31 win over the Texas¬†...",2024-01-29 06:11:04.477808
/watch?v=8UYJf5apUFg&pp=ygUCdXc%3D,/@SeattleSports710,Seattle Sports,Former UW head coach Rick Neuheisel on the Huskies chances to win the National Championship,20K,3 weeks,What did former University of Washington head coach Rick Neuheisel think about the Huskies chances to win the National¬†...,2024-01-29 06:11:04.478621
/watch?v=PjofhX640Lc&pp=ygUCdXc%3D,/@bruce.clarke,Bruce A. Clarke,Are UW students smarter than a 5th grader??,13K,1 year,"In this video, I quiz students at the University of Washington in Seattle on some general knowledge trivia. If a group correctly¬†...",2024-01-29 06:11:04.479413
/watch?v=rcpeYDCxOEo&pp=ygUCdXc%3D,/@uwmadison,uwmadison,UW‚ÄìMadison Works For You,9.9K,2 years,"As one of the world's top universities, the University of Wisconsin-Madison is building the state's economy, driving innovation and¬†...",2024-01-29 06:11:04.480196
/watch?v=7uG5d3LkkCU&pp=ygUCdXc%3D,/@universityofwashington,UW (University of Washington),UW Crew: Passion Never Rests,23K,8 years,"For more than 100 years, the University of Washington has been home to one of the best rowing teams in the world, filled with¬†...",2024-01-29 06:11:04.481052
/watch?v=v0huOCh2eTg&pp=ygUCdXc%3D,/@UWMedicineHealth,UW Medicine,Welcome to UW Medicine,14K,9 years,"(2:19 version) Six little words with one amazing impact. At UW Medicine, our mission is clear. In fact, it can be boiled down to one¬†...",2024-01-29 06:11:04.481954
/watch?v=WzJc75S-LzY&pp=ygUCdXc%3D,/@universityofwashington,UW (University of Washington),UW Campus Tour: Hear It from a Husky,130K,8 years,Follow UW student Joe Santiago as he shows you around the University of Washington's Seattle campus and shares his tips¬†...,2024-01-29 06:11:04.483379
/watch?v=_mPCWNGiW-k&pp=ygUCdXc%3D,/@UWHFS,UWHFS,UW HFS | Madrona Hall Virtual Tour,31K,5 years,Make sure you like and subscribe for more content coming soon! To learn more about University of Washington's Housing & Food¬†...,2024-01-29 06:11:16.934895
/watch?v=IWJ9C5G7LlA&pp=ygUCdXc%3D,/@universityofwashington,UW (University of Washington),UW students move into residence halls,7.6K,3 years,Around 4000 students are moving into the residence halls at the University of Washington this week. This number is less than half¬†...,2024-01-29 06:11:16.936390
/watch?v=cBwl_k_wDts&pp=ygUCdXc%3D,/@universityofwashington,UW (University of Washington),UW Minecraft Mini Tour,11K,3 years,Take a tour of campus... through Minecraft! The UW Minecraft server is a faithful recreation of our beautiful Seattle campus.,2024-01-29 06:11:16.937968
/watch?v=_S7HNn7Mkp8&pp=ygUCdXc%3D,/@universityofwashington,UW (University of Washington),Advice for UW first-year students - Professor Shawn Wong,3.9K,10 years,English Professor Shawn Wong gives advice on how new students can make the most of their studies at the University of¬†...,2024-01-29 06:11:16.939048
/watch?v=3YgSlmxTbZE&pp=ygUCdXc%3D,/@uwtacoma3145,UW Tacoma,Growth / UW Tacoma,4.5K,6 years,"We can expand UW Tacoma ‚Äúup the hill‚Äù for tomorrow. With the support of loyal and new donors, our building plans will be guided¬†...",2024-01-29 06:11:16.939952
/watch?v=h0BAHJZZZXs&pp=ygUCdXc%3D,/@universityofwashington,UW (University of Washington),UW Crew ‚Äì Together We Will,23K,8 years,UW Men's Crew Head Coach Michael Callahan describes the experience of rowing for the University of Washington as a feeling¬†...,2024-01-29 06:11:16.940947
/watch?v=3WZ_mZMVdkQ&pp=ygUCdXc%3D,/@uwbothell,UW Bothell,90 second walking tour of the UW Bothell campus,6K,3 years,Want to get an idea of what the University of Washington Bothell campus looks like but don't have much time? Take a evening¬†...,2024-01-29 06:11:16.941783
/watch?v=7PrNkKM8rs4&pp=ygUCdXc%3D,/@universityofwashington,UW (University of Washington),New Esports Arena opens at UW,5.6K,4 years,The UW celebrated the opening of an esports center with a ribbon cutting ceremony April 18. The facility features top-of-the-line¬†...,2024-01-29 06:11:16.942728
/watch?v=V82oUxlZsy4&pp=ygUCdXc%3D,/@uwtacoma3145,UW Tacoma,Welcome to UW Tacoma,5.8K,2 years,The University of Washington Tacoma / Be Boundless Website: http://www.tacoma.uw.edu Facebook:¬†...,2024-01-29 06:11:16.944117
/watch?v=bKBjKW18XUs&pp=ygUCdXc%3D,/@UWEauClaire,University of Wisconsin-Eau Claire,UW-Eau Claire campus areas,5.1K,5 years,"Whether you travel lower campus, upper campus, or areas surround the university, UW-Eau Claire provides a beautiful setting for¬†...",2024-01-29 06:11:16.945062
/watch?v=PI0DQzEZHww&pp=ygUCdXc%3D,/@engrUW,engrUW,Explore UW Engineering - Aeronautics & Astronautics,18K,8 years,Students and researchers in aeronautics & astronautics at the University of Washington share how they Dare to Do.,2024-01-29 06:11:16.946004
/watch?v=xh0Nm4HiQ74&pp=ygUCdXc%3D,/@universityofwashington,UW (University of Washington),Let these students at the UW show you how to apply for financial aid,13K,2 years,The University of Washington Office of Student Financial Aid is here to help you. Learn more about the process and where you¬†...,2024-01-29 06:11:16.947307
/watch?v=GUPCiFkinng&pp=ygUCdXc%3D,/@fox13seattle,FOX 13 Seattle,The new UW mascot makes his official television debut,14K,5 years,"At just 12 weeks, Dubs II is catching on quick to his new big new role as the University of Washington's live mascot.",2024-01-29 06:11:16.948218
/watch?v=aIhPAfLOcLo&pp=ygUCdXc%3D,/@uw-milwaukee,UW-Milwaukee,UW-Milwaukee: A Globally Engaged Top-Tier Research University,11K,3 years,"The University of Wisconsin-Milwaukee is committed to global engagement through its curriculum, research activities, and student¬†...",2024-01-29 06:11:16.949046
/watch?v=fmlViWC4KIY&pp=ygUCdXc%3D,/@universityofwashington,UW (University of Washington),UW Campus Tour: Cafes On the Ave!,8.9K,4 years,Where's the best place around campus to get a cup of coffee? It's a debate as old as time itself. Check out some fan favorites on¬†...,2024-01-29 06:11:16.950414
/watch?v=xW-xII-Ms4c&pp=ygUCdXc%3D,/@uwstoutvideos,University of Wisconsin-Stout,Welcome to Menomonie üó∫Ô∏è üëÄ | UW-Stout,8.1K,3 years,Menomonie is more than a college town -- It's home! And UW-Stout is more than your average four-year university. Our unique¬†...,2024-01-29 06:11:16.951284
/watch?v=RGNAflXsPGA&pp=ygUCdXc%3D,/@KING5Seattle,KING 5 Seattle,UW students hyped for National Championship,1.8K,3 weeks,"University of Washington students say the mood on campus is ""electric"" ahead of the National Championship game.",2024-01-29 06:11:16.952079
/watch?v=kTpqrgNCtg8&pp=ygUCdXc%3D,/@welcometoUW,Utility Warehouse,"Ben Fogle - Adventurer, brand ambassador and UW customer",393K,1 year,"Explorer, adventurer and UW customer: we're thrilled to introduce our new brand ambassador, Ben Fogle. Over the next few¬†...",2024-01-29 06:11:16.952959
/watch?v=fAdKi7GNe4c&pp=ygUTdW5pdmVyc2l0eSBkaXN0cmljdA%3D%3D,/@KING5Seattle,KING 5 Seattle,Man shot and killed in Seattle's University District,6.9K,1 month,Seattle police are investigating after a man was shot and killed in the University District on Christmas. First responders called to¬†...,2024-01-29 06:11:40.558605
/watch?v=g8OEoHiqVf4&pp=ygUTdW5pdmVyc2l0eSBkaXN0cmljdA%3D%3D,/@KING5Seattle,KING 5 Seattle,Seattle police investigate fatal shooting at University District apartment building,2.9K,1 month,The shooting happened Monday evening on 15th Avenue Northeast near Northeast 47th Street. First responders called to the¬†...,2024-01-29 06:11:40.561525
/watch?v=VP-gTzqExXU&pp=ygUTdW5pdmVyc2l0eSBkaXN0cmljdA%3D%3D,/@universitydistrictcalgary2567,University District Calgary,University District 2022 Year in Review,1.1K,1 year,"2022 was a big year for U/D! Our Retail Main Street grew with exciting additions, we welcomed a new builder, connected at¬†...",2024-01-29 06:11:40.563586
/watch?v=skYgYaHe1kg&pp=ygUTdW5pdmVyc2l0eSBkaXN0cmljdA%3D%3D,/@KING5Seattle,KING 5 Seattle,"Students, organizations and Seattle leaders react to U-District weekend violence",7.7K,1 year,University of Washington students are speaking out after five people were injured in two violent incidents near campus over the¬†...,2024-01-29 06:11:40.565626
/watch?v=sqtnxj0i52Q&pp=ygUTdW5pdmVyc2l0eSBkaXN0cmljdA%3D%3D,/@ActionKid,ActionKid,Seattle Walk : University of Washington Campus & U-District in April 2023,16K,8 months,"The University District, often called ""U-District,"" is a neighborhood located in the north-central part of Seattle, Washington. As the¬†...",2024-01-29 06:11:40.572898
/watch?v=a6dMAbBKz9Q&pp=ygUTdW5pdmVyc2l0eSBkaXN0cmljdA%3D%3D,/@mptdigitalstudios7340,MPT Digital Studios,University of the District of Columbia | HBCU Week 2020,1.9K,3 years,The University of the District of Columbia founding is rooted in the school for ‚Äúcolored girls‚Äù that Myrtilla Miner founded in 1851 in¬†...,2024-01-29 06:11:40.575211
/watch?v=fXTHAIO4N8U&pp=ygUTdW5pdmVyc2l0eSBkaXN0cmljdA%3D%3D,/@KING5Seattle,KING 5 Seattle,Police looking for U-district prowler,3.3K,1 year,Seattle police are searching for a suspected prowler who entered a house near the University of Washington (UW) early Sunday¬†...,2024-01-29 06:11:40.578222
/watch?v=1yKSrX7lRkg&pp=ygUTdW5pdmVyc2l0eSBkaXN0cmljdA%3D%3D,/@ryanhawkinsyyc,Living In Calgary - Ryan Hawkins,Pros and Cons About Living in the University District Calgary | Living in Calgary,776,9 months,"Discover the pros and cons of living in Calgary's University District in this comprehensive video! Join Ryan Hawkins, a local realtor¬†...",2024-01-29 06:11:40.581158
/watch?v=3OK8j2kBS6A&pp=ygUTdW5pdmVyc2l0eSBkaXN0cmljdA%3D%3D,/@KING5Seattle,KING 5 Seattle,University District residents concerned over criminal repeat offender,3.5K,2 months,Residents in Seattle's University District are concerned about a man the King County Prosecuting Attorney's Office calls a danger¬†...,2024-01-29 06:11:40.583288
/watch?v=txMYQJ7KyZM&pp=ygUTdW5pdmVyc2l0eSBkaXN0cmljdA%3D%3D,/@udc_edu,University of the District of Columbia,A New Day - Capital Improvements Video - UDC,942,7 months,The University of the District of Columbia (UDC) is delighted to share our Capital Improvement Plan promotional video. The video¬†...,2024-01-29 06:11:40.585196
/watch?v=ZNoCGmxi6-g&pp=ygUTdW5pdmVyc2l0eSBkaXN0cmljdA%3D%3D,/@KING5Seattle,KING 5 Seattle,Seattle police to add more patrols in the University District following violent weekend,2.2K,1 year,There were two separate shootings in two days in Seattle's University District over the weekend.,2024-01-29 06:11:40.587017
/watch?v=PiTX-FGCRc8&pp=ygUTdW5pdmVyc2l0eSBkaXN0cmljdA%3D%3D,/@4kfamilyfunwalk206,4k Family Fun Walk,"4k Walking Tour in University District of Seattle, Most popular UW walking streets.",2.7K,1 year,"Spring time visited University of Washington than take a Walking Tour in University District of Seattle, Most popular UW walking¬†...",2024-01-29 06:11:40.589888
/watch?v=H1nA-pKQCsM&pp=ygUTdW5pdmVyc2l0eSBkaXN0cmljdA%3D%3D,/@4KNatureandCityWalks,4K Nature and City Walks,"Seattle, University District Walk on a Weekday Evening 4k",52K,2 years,Walking through areas near the University of Washington beginning on University Way NE then near 17th Ave NE near the¬†...,2024-01-29 06:11:40.592034
/watch?v=ncDoQ8y0P8o&pp=ygUTdW5pdmVyc2l0eSBkaXN0cmljdA%3D%3D,/@fox13seattle,FOX 13 Seattle,U District Street Fair returns | FOX 13 Seattle,2.6K,8 months,More than 250 vendors are taking part in the event this weekend. Subscribe to FOX 13 Seattle:¬†...,2024-01-29 06:11:40.594467
/watch?v=D6F4CwsgWZI&pp=ygUTdW5pdmVyc2l0eSBkaXN0cmljdA%3D%3D,/@fox13seattle,FOX 13 Seattle,Drive-by shooting in Seattle's University District | FOX 13 Seattle,288,11 months,Seattle Police are investigating a drive-by shooting in Seattle's University District. One person was shot and is expected to be okay¬†...,2024-01-29 06:11:40.597266
/watch?v=7xoZu5IP2Ks&pp=ygUTdW5pdmVyc2l0eSBkaXN0cmljdA%3D%3D,/@PNW4K,PNW 4K,"What's New On University Way in the U District in Seattle, Walking Tour 2023",815,9 months,"Join me on a walking tour of University Way NE, also known as The Ave, a major street and commercial district in the University¬†...",2024-01-29 06:11:40.599385
/watch?v=andXvmLnSqY&pp=ygUTdW5pdmVyc2l0eSBkaXN0cmljdA%3D%3D,/@WGRZTVNews,WGRZ-TV,2 people shot in Buffalo's University District,1.1K,5 months,"The injuries to one of the men appear serious in nature, according to a Buffalo Police Department spokesperson.",2024-01-29 06:11:40.601162
/watch?v=SK7ZDl_e-4g&pp=ygUTdW5pdmVyc2l0eSBkaXN0cmljdA%3D%3D,/@udc_edu,University of the District of Columbia,Pathways to Possible @ the University of the District of Columbia,1.1K,3 years,"http://www.udc.edu/possible Summer School Registration starts April 1, 2020.",2024-01-29 06:11:40.602901
/watch?v=VlDicxkNQws&pp=ygUTdW5pdmVyc2l0eSBkaXN0cmljdA%3D%3D,/@KING5Seattle,KING 5 Seattle,U District hosts annual $4 Food Walk,3K,3 months,Attendees enjoyed food options from 70 diverse restaurants on Sept. 30 at the third-annual event.,2024-01-29 06:11:40.604669
/watch?v=s7SF6FM2x-o&pp=ygUTdW5pdmVyc2l0eSBkaXN0cmljdA%3D%3D,/@4NewsNow,4 News Now,Body pulled from Spokane River in the University District,275,5 months,"SPOKANE, Wash. ‚Äî A body was pulled from the Spokane River in the University District Sunday afternoon. Crews with the¬†...",2024-01-29 06:11:40.606478
/watch?v=MZonbpi07Fg&pp=ygUTdW5pdmVyc2l0eSBkaXN0cmljdA%3D%3D,/@WOSUColumbus,WOSU Public Media,Columbus Neighborhoods: University District,33K,12 years,"The Old North was the first neighborhood here, and a series of remarkable transformations has seen this area change from farm to¬†...",2024-01-29 06:11:52.731545
/watch?v=hqJ0nq_S_AE&pp=ygUTdW5pdmVyc2l0eSBkaXN0cmljdA%3D%3D,/@KING5Seattle,KING 5 Seattle,Suspect accused of killing roommate in Seattle's University District,5.9K,2 months,A 50-year-old man was found dead and his roommate was taken into custody at a home in Seattle's University District.,2024-01-29 06:11:52.733171
/watch?v=F_mLf-t7jQw&pp=ygUTdW5pdmVyc2l0eSBkaXN0cmljdA%3D%3D,/@KING5Seattle,KING 5 Seattle,Tens of thousands attend 52nd Annual University District Street Fair,1.1K,8 months,"Tens of thousands of people flocked to Seattle's University District this weekend, to take part in the neighborhood's 52nd annual¬†...",2024-01-29 06:11:52.734334
/watch?v=psj6VAP3Iuc&pp=ygUTdW5pdmVyc2l0eSBkaXN0cmljdA%3D%3D,/@KING5Seattle,KING 5 Seattle,Arrests made after string of crimes in Seattle's University District,7.1K,2 years,"The suspects are accused of being involved in several carjackings, robberies and assaults in the U. District.",2024-01-29 06:11:52.735454
/watch?v=qSg91J2Wuf4&pp=ygUTdW5pdmVyc2l0eSBkaXN0cmljdA%3D%3D,/@KING5Seattle,KING 5 Seattle,BREAKING: Large fire in Seattle's University District,4.9K,6 months,A large fire broke out at the abandoned Jet City Improv building in Seattle's University District.,2024-01-29 06:11:52.736700
/watch?v=n8BEr8klcDw&pp=ygUTdW5pdmVyc2l0eSBkaXN0cmljdA%3D%3D,/@FOX2Detroit,FOX 2 Detroit,Go inside historic art deco homes during Detroit's University District tours,6.2K,1 year,"On Saturday, seven homeowners in Detroit's University District will showcase their houses. Step inside to see the art deco¬†...",2024-01-29 06:11:52.737817
/watch?v=YnAvx-0X2Kc&pp=ygUTdW5pdmVyc2l0eSBkaXN0cmljdA%3D%3D,/@wcmhnbc4columbus,NBC4 Columbus,One injured in University District shooting,534,1 year,One person is hospitalized after a shooting in the University District Monday night. Stay informed about Columbus and central¬†...,2024-01-29 06:11:52.738962
/watch?v=fU4EWdIare0&pp=ygUTdW5pdmVyc2l0eSBkaXN0cmljdA%3D%3D,/@KING5Seattle,KING 5 Seattle,4 injured in University District shooting,2.8K,1 year,Seattle police are still searching for suspects.,2024-01-29 06:11:52.739982
/watch?v=gtU-6TpQJ38&pp=ygUTdW5pdmVyc2l0eSBkaXN0cmljdA%3D%3D,/@uwlibraries,University of Washington Libraries,"University District, Seattle, Washington ca. 1965",3.1K,12 years,"ca. 1965, 16mm, Black and White Negative (Reversed), University of Washington Audio Visual Services Materials Library, 94-4¬†...",2024-01-29 06:11:52.741088
/watch?v=6VGetTblgjI&pp=ygUTdW5pdmVyc2l0eSBkaXN0cmljdA%3D%3D,/@ChamberlainGroup,Chamberlain Real Estate Group,University District in Calgary - Reasons You Should Consider Living Near Here,4.1K,1 year,The new University District in Calgary is something you need to check out if you haven't already. Better yet... perhaps you should¬†...,2024-01-29 06:11:52.743056
/watch?v=5fFuN3sDclU&pp=ygUTdW5pdmVyc2l0eSBkaXN0cmljdA%3D%3D,/@udc_edu,University of the District of Columbia,Recap: Fall 2022 Welcome back week,840,1 year,"The fall semester is underway, and UDC Firebirds are looking forward to an exciting and productive 2022-2023 academic year.",2024-01-29 06:11:52.744070
/watch?v=BBZ-GH-hGEw&pp=ygUTdW5pdmVyc2l0eSBkaXN0cmljdA%3D%3D,/@KING5Seattle,KING 5 Seattle,U-District welcomes riders on new Link light rail stop,6K,2 years,"Kickoff events celebrated riders and business districts at all three, new stops on Sound Transit's Northgate Link light rail extension.",2024-01-29 06:11:52.745040
/watch?v=omNi6ToU3T8&pp=ygUTdW5pdmVyc2l0eSBkaXN0cmljdA%3D%3D,/@WBNS,WBNS 10TV,1 in serious condition after shooting in University District,1.3K,5 months,A call came in around 8:23 p.m. on reports of a shooting in the 1300 block of North High Street in the University District.,2024-01-29 06:11:52.746116
/watch?v=nLWi_VvTqaU&pp=ygUTdW5pdmVyc2l0eSBkaXN0cmljdA%3D%3D,/@KING5Seattle,KING 5 Seattle,Seattle police searching for suspect in University District stabbing,3.4K,1 year,A 16-year-old and 19-year-old were stabbed in Seattle's University District neighborhood Wednesday evening. Police are still¬†...,2024-01-29 06:11:52.747089
/watch?v=zGauqOEDdK0&pp=ygUTdW5pdmVyc2l0eSBkaXN0cmljdA%3D%3D,/@Soundwayz,Sound Wayz,"[4K] Seattle's University District, and the University of WA Campus Walk Through",3.9K,10 months,"Seattle's University District and the University of Washington, Walking Tour in Seattle WA - USA. 2023 The University of¬†...",2024-01-29 06:11:52.748357
/watch?v=-sYFH0L1JDw&pp=ygUTdW5pdmVyc2l0eSBkaXN0cmljdA%3D%3D,/@KING5Seattle,KING 5 Seattle,Man charged with hate crime in U District stabbing,3.3K,11 months,King County Prosecutors have charged two people accused of stabbing a man in the University District last week. Jimmie Patrick¬†...,2024-01-29 06:11:52.749355
/watch?v=Xl_ttORRaC8&pp=ygUTdW5pdmVyc2l0eSBkaXN0cmljdA%3D%3D,/@wxyztvdetroit,WXYZ-TV Detroit | Channel 7,Ride-along with the University District Radio Patrol in Detroit,660,9 years,Alicia Smith gets a behind-the-scenes look at the volunteer radio patrol in the University District of Detroit. It's part of our Detroit¬†...,2024-01-29 06:11:52.750394
/watch?v=nJldonY61rU&pp=ygUTdW5pdmVyc2l0eSBkaXN0cmljdA%3D%3D,/@ActionKid,ActionKid,"Evening Drive from University District, Seattle to Lynnwood in April 2023",5K,8 months,I take a drive from the city of Seattle from the University District to the suburb of Lynnwood on a calm weekday evening. The drive¬†...,2024-01-29 06:11:52.751447
/watch?v=FZrJzoYkMpw&pp=ygUTdW5pdmVyc2l0eSBkaXN0cmljdA%3D%3D,/@wcmhnbc4columbus,NBC4 Columbus,Suspect arrested after woman shot in neck in University District,784,2 weeks,"Stay informed about Columbus and central Ohio news, weather and sports! Follow NBC4 on our website and social media¬†...",2024-01-29 06:11:52.752472
/watch?v=tb9qMQ1rD8A&pp=ygUTdW5pdmVyc2l0eSBkaXN0cmljdA%3D%3D,/@SeattleChannel21,Seattle Channel,Rosie's Tiny House Village provides much-needed shelter spaces in University District,2.1K,2 years,"Rosie's Village, a 36-unit tiny house village located at the corner of NE 45th and Roosevelt Way NE in the heart of Seattle's¬†...",2024-01-29 06:11:52.753496
/watch?v=qxzjdk2GLZ0&pp=ygUTdW5pdmVyc2l0eSBkaXN0cmljdA%3D%3D,/@KING5Seattle,KING 5 Seattle,Seattle police searching for U-District prowler who entered off-campus house,4K,1 year,Detectives say a man entered a UW-area house and assaulted a resident.,2024-01-29 06:12:05.923194
/watch?v=ZXTG02pX_8E&pp=ygUTdW5pdmVyc2l0eSBkaXN0cmljdA%3D%3D,/@fox13seattle,FOX 13 Seattle,Man shot in the ankle in Seattle's University District | FOX 13 Seattle,2.7K,10 months,Police are investigating after a man was shot in the ankle in Seattle's University District. Subscribe to FOX 13 Seattle:¬†...,2024-01-29 06:12:05.924425
/watch?v=IUl1GSSArME&pp=ygUTdW5pdmVyc2l0eSBkaXN0cmljdA%3D%3D,/@KING5Seattle,KING 5 Seattle,One person taken into custody in Seattle's U District after alleged car theft,4.3K,6 months,One person was taken into custody in Seattle's University District after an alleged car theft on Friday afternoon. The car was stolen¬†...,2024-01-29 06:12:05.925399
/watch?v=oChpFGnqR10&pp=ygUTdW5pdmVyc2l0eSBkaXN0cmljdA%3D%3D,/@WBNS,WBNS 10TV,University District murder suspect arrested by federal agents,671,10 months,Michael Dickerson is charged with the murder and aggravated robbery of Joshua Jones last June.,2024-01-29 06:12:05.927191
/watch?v=LUYGuQ1BxRo&pp=ygUTdW5pdmVyc2l0eSBkaXN0cmljdA%3D%3D,/@PNW4K,PNW 4K,University District and University of Washington UW Campus Driving Tour in Seattle WA USA 2021,9.9K,2 years,00:00 Start at U Village 04:20 UW Fraternities and Sororities 06:40 Southbound on University Way 08:30 University Bookstore¬†...,2024-01-29 06:12:05.928771
/watch?v=-fxrbUmKgwk&pp=ygUTdW5pdmVyc2l0eSBkaXN0cmljdA%3D%3D,/@wcmhnbc4columbus,NBC4 Columbus,One person critical after stabbing in University District,1.2K,7 months,"One person critical after stabbing in University District Stay informed about Columbus and central Ohio news, weather and sports!",2024-01-29 06:12:05.929844
/watch?v=HZbc62t2_Jc&pp=ygUTdW5pdmVyc2l0eSBkaXN0cmljdA%3D%3D,/@BrookfieldHomesAB,Brookfield Residential Alberta,Capella Luxury Living at University District,339,1 year,Aspire to a whole new level of luxury at Capella. Incomparable to anything else.,2024-01-29 06:12:05.930737
/watch?v=wfrAGYd6d74&pp=ygUTdW5pdmVyc2l0eSBkaXN0cmljdA%3D%3D,/@WOSUColumbus,WOSU Public Media,University District: The World War II Era,200,11 years,... much of the university district to allow the development of much higher density apartments rooming houses and so forth that had¬†...,2024-01-29 06:12:05.931665
/watch?v=CNsmk0vrZd8&pp=ygUTdW5pdmVyc2l0eSBkaXN0cmljdA%3D%3D,/@FOX2Detroit,FOX 2 Detroit,Detroit's University District still waits for power restoration after Monday storms,1K,1 year,"After Monday's night's storms, some DTE Energy customers remain in the dark. FOX 2 is working for you and delivers breaking¬†...",2024-01-29 06:12:05.932572
/watch?v=dNteDqvZogs&pp=ygUTdW5pdmVyc2l0eSBkaXN0cmljdA%3D%3D,/@KREM2NewsSpokane,KREM 2 News,Multifamily development with 298 units on deck for Spokane's University District,838,2 years,Construction on the U District development is expected to begin in April 2021.,2024-01-29 06:12:05.933596
/watch?v=VE3YFTeIUUQ&pp=ygUTdW5pdmVyc2l0eSBkaXN0cmljdA%3D%3D,/@wcmhnbc4columbus,NBC4 Columbus,Child hospitalized after hit and run crash in University District,389,2 years,Child hospitalized after hit and run crash in University District. FOR MORE: https://nbc4i.co/3iOY0KN.,2024-01-29 06:12:05.934683
/watch?v=TjU2v13R2Ic&pp=ygUTdW5pdmVyc2l0eSBkaXN0cmljdA%3D%3D,/@KING5Seattle,KING 5 Seattle,University District businesses in Seattle begin to rebound as UW students return,1.6K,2 years,Local business owners in Seattle's University District are feeling optimistic again after a difficult 18 months amid the coronavirus¬†...,2024-01-29 06:12:05.935625
/watch?v=McmkHhVuuO0&pp=ygUTdW5pdmVyc2l0eSBkaXN0cmljdA%3D%3D,/@KING5Seattle,KING 5 Seattle,Watch: Group destroys car at street racing event in Seattle's University District,10K,2 years,A large crowd in Seattle's University District neighborhood destroyed a car in the middle of an intersection Friday during a street¬†...,2024-01-29 06:12:05.936581
/watch?v=puXWoGr3Jks&pp=ygUTdW5pdmVyc2l0eSBkaXN0cmljdA%3D%3D,/@KING5Seattle,KING 5 Seattle,Raising Canes files with Seattle for future U-District location,1.4K,5 months,No further information on when the restaurant would open was provided.,2024-01-29 06:12:05.937553
/watch?v=WOfJbfT5FgM&pp=ygUTdW5pdmVyc2l0eSBkaXN0cmljdA%3D%3D,/@KING5Seattle,KING 5 Seattle,Employee attacked by woman with pepper spray in Seattle's University District,580,4 years,Police said several other people inside the store were also exposed.,2024-01-29 06:12:05.939403
/watch?v=vTGWTpdZnN8&pp=ygUTdW5pdmVyc2l0eSBkaXN0cmljdA%3D%3D,/@wcmhnbc4columbus,NBC4 Columbus,77-year-old woman dead in University District stabbing,795,4 months,"Stay informed about Columbus and central Ohio news, weather and sports! Follow NBC4 on our website and social media¬†...",2024-01-29 06:12:05.946294
/watch?v=oDTwMMh2yn4&pp=ygUTdW5pdmVyc2l0eSBkaXN0cmljdA%3D%3D,/@KREM2NewsSpokane,KREM 2 News,University District Gateway Bridge brings hope for new area businesses,63,5 years,It may seem like there is not much to do on the south side of the University District Gateway Bridge. There are few business right¬†...,2024-01-29 06:12:05.949092
/watch?v=aDUajJxm624&pp=ygUTdW5pdmVyc2l0eSBkaXN0cmljdA%3D%3D,/@KING5Seattle,KING 5 Seattle,"Seattle, UW leaders working on solutions after a violent weekend in the University District",9.4K,1 year,"Two separate shootings in two days in the U District. This area is where many students concentrate, and city leaders say¬†...",2024-01-29 06:12:05.951363
/watch?v=3j3kJ8sZf8Y&pp=ygUTdW5pdmVyc2l0eSBkaXN0cmljdA%3D%3D,/@komonews,KOMO News,2 Arsons scorch Seattle's University district,4K,2 years,Two fires were set intentionally set Sunday in the University District that caused thousands of dollars in damages. Four restaurants¬†...,2024-01-29 06:12:05.954286
/watch?v=pEBUu7ORK9Q&pp=ygUTdW5pdmVyc2l0eSBkaXN0cmljdA%3D%3D,/@KING5Seattle,KING 5 Seattle,No students means no business for Seattle's University District,14K,3 years,"With University of Washington classes going mostly online for the fall, restaurants and shops are bracing for a slowdown far worse¬†...",2024-01-29 06:12:19.597253
/watch?v=6ZycK7f1imk&pp=ygUTdW5pdmVyc2l0eSBkaXN0cmljdA%3D%3D,/@fox13seattle,FOX 13 Seattle,Suspects sought in U-District homicide,172,4 years,Seattle Police are asking for the your help to solve the murder of a man at the corner of 45th and University Way NE in the¬†...,2024-01-29 06:12:19.599758
/watch?v=5tYpaN3XlGg&pp=ygUTdW5pdmVyc2l0eSBkaXN0cmljdA%3D%3D,/@fox13seattle,FOX 13 Seattle,1 dead in University District fire | FOX 13 Seattle,1.4K,11 months,Investigators are determining the cause of a deadly fire in Seattle's University District. Subscribe to FOX 13 Seattle:¬†...,2024-01-29 06:12:19.601569
/watch?v=4xH3NdxgPR0&pp=ygUTdW5pdmVyc2l0eSBkaXN0cmljdA%3D%3D,/@SeattleChannel21,Seattle Channel,"Mayor, Fire Chief launch second Health One unit to serve University District and Ballard",268,2 years,"View the City of Seattle's commenting policy: seattle.gov/online-comment-policy Mayor Jenny A. Durkan, Seattle Fire Chief Harold¬†...",2024-01-29 06:12:19.603171
/watch?v=ZY2y6ljxrUc&pp=ygUTdW5pdmVyc2l0eSBkaXN0cmljdA%3D%3D,/@wivb,WIVBTV,Shooting claims two lives in University District,63,11 years,A man and a woman were shot and killed by gunfire in the University District overnight.,2024-01-29 06:12:19.604920
/watch?v=0k2uCuyznb8&pp=ygUTdW5pdmVyc2l0eSBkaXN0cmljdA%3D%3D,/@wcmhnbc4columbus,NBC4 Columbus,University District residents tracking crime,69,7 years,NBC 4 at 11.,2024-01-29 06:12:19.606626
/watch?v=IApDZ8Rb1go&pp=ygUTdW5pdmVyc2l0eSBkaXN0cmljdA%3D%3D,/@WOSUColumbus,WOSU Public Media,Columbus Neighborhoods: The University District Preview,2.9K,12 years,"http://www.columbusneighborhoods.org/ Coming to WOSU in October, 2011. Town meets gown in this urban area encompassing¬†...",2024-01-29 06:12:19.608211
/watch?v=dO0GGoU6iPY&pp=ygUTdW5pdmVyc2l0eSBkaXN0cmljdA%3D%3D,/@UWVideo,UW Video,"Find it, Fix it Walking Tour of the U District",675,8 years,"Come along on a ‚ÄúFind It, Fix It"" walk of the University District. Hosted by Seattle Mayor Ed Murray and Interim President Ana Mari¬†...",2024-01-29 06:12:19.609828
/watch?v=qUK-mAgjQJY&pp=ygUTdW5pdmVyc2l0eSBkaXN0cmljdA%3D%3D,/@fox13seattle,FOX 13 Seattle,The U-District street fair happening this weekend | FOX 13 Seattle,586,1 year,The U-District street fair happening this weekend in Seattle Subscribe to FOX 13 Seattle:¬†...,2024-01-29 06:12:19.611618
/watch?v=PbIqw3FgX_4&pp=ygUTdW5pdmVyc2l0eSBkaXN0cmljdA%3D%3D,/@SeattleChannel21,Seattle Channel,City Inside/Out Local Issues: Upzoning the U District,1.7K,7 years,"Seattle is booming, but where should everyone live? City leaders will vote next month on some controversial zoning changes for¬†...",2024-01-29 06:12:19.613145
/watch?v=CiruR0Uooww&pp=ygUTdW5pdmVyc2l0eSBkaXN0cmljdA%3D%3D,/@wcmhnbc4columbus,NBC4 Columbus,"Three injured, two in critical condition, during University District shooting",942,1 year,"Three men were injured, two are in critical condition including one with life-threatening injuries, from an overnight shooting in the¬†...",2024-01-29 06:12:19.614823
/watch?v=gbngnoxVNnI&pp=ygUTdW5pdmVyc2l0eSBkaXN0cmljdA%3D%3D,/@wkbwbuffalo,"WKBW TV | Buffalo, NY",‚ÄòIt‚Äôs a horrible crime‚Äô: Targeted shooting in University District,175,4 months,'It's a horrible crime': Targeted shooting in University District.,2024-01-29 06:12:19.616572
/watch?v=aL_tnsmeavo&pp=ygUTdW5pdmVyc2l0eSBkaXN0cmljdA%3D%3D,/@LaoOcean,Lao Ocean,Evening Stroll At University Village - Seattle‚Äôs Only Outdoor Lifestyle Shopping Center,5K,1 year,"After dinner at Shake Shack and dessert at Hello Robin at University Village, Amanda and I decide to take an evening stroll.",2024-01-29 06:12:19.618484
/watch?v=0ueqmB49jSc&pp=ygUTdW5pdmVyc2l0eSBkaXN0cmljdA%3D%3D,/@wcmhnbc4columbus,NBC4 Columbus,Student apartment complex proposed on site of University District church,83,4 months,"Student apartment complex proposed on site of University District church Stay informed about Columbus and central Ohio news,¬†...",2024-01-29 06:12:19.620336
/watch?v=PrULGXHxR-4&pp=ygUTdW5pdmVyc2l0eSBkaXN0cmljdA%3D%3D,/@WOSUColumbus,WOSU Public Media,University District: Industrialization and the Progressive Era,992,11 years,... original population in that neighborhood were Italian and African American many who worked on the building of the University¬†...,2024-01-29 06:12:19.621976
/watch?v=wA9cYPFh38k&pp=ygUTdW5pdmVyc2l0eSBkaXN0cmljdA%3D%3D,/@udc_edu,University of the District of Columbia,Welcome to the CCDC @ UDC,1.7K,14 years,Welcome to the Community College of the District of Columbia.,2024-01-29 06:12:19.623744
/watch?v=8aZYYQwWdys&pp=ygUTdW5pdmVyc2l0eSBkaXN0cmljdA%3D%3D,/@KING5Seattle,KING 5 Seattle,UW students propose 'Alternative Emergency Services' teams for U-District,1.6K,1 year,Their proposal would dispatch unarmed teams to respond to non-violent emergency situations as an alternative to calling 911.,2024-01-29 06:12:19.625329
/watch?v=N9PlpzMOr5Y&pp=ygUTdW5pdmVyc2l0eSBkaXN0cmljdA%3D%3D,/@wcmhnbc4columbus,NBC4 Columbus,One person dead after daytime shooting in University District,607,2 years,"One person dead after daytime shooting in University District Stay informed about Columbus and central Ohio news, weather and¬†...",2024-01-29 06:12:19.627107
/watch?v=VFLuPQ0dTu8&pp=ygUTdW5pdmVyc2l0eSBkaXN0cmljdA%3D%3D,/@LocalLensSeattle,Local Lens Seattle,5 must-stop shopsüõç  at University Village! | Local Lens Seattle,42K,2 years,"It's no secret I love shopping   I haven't been able to shop IRL in sometime (thanks, pandemic) so I was so pumped to check out¬†...",2024-01-29 06:12:19.629465
/watch?v=3yATg-DVHcI&pp=ygUTdW5pdmVyc2l0eSBkaXN0cmljdA%3D%3D,/@KING5Seattle,KING 5 Seattle,Fire destroys historic Seven Gables Theatre in Seattle's University District,4.1K,3 years,The Seattle Fire Department responded to a three-alarm fire at the former Seven Gables Theatre in the University District on¬†...,2024-01-29 06:12:19.631116
/watch?v=LUCiGt7iXL0&pp=ygUHdXcgZm9vZA%3D%3D,/@UWHFS,UWHFS,A Dawg's Vlog // Hannah 13 | The UW Food Pantry,1K,4 years,"Hello, fellow Dawgs! Join me this week as I show you the UW Food Pantry, how to volunteer there, and how to donate! To learn¬†...",2024-01-29 06:12:43.120002
/watch?v=5wvbGaZcnYM&pp=ygUHdXcgZm9vZA%3D%3D,/@poorvahalbe6510,Poorva Halbe,"FRESHMAN GUIDE TO UW MADISON // dorms, food, football, diversity, clubs",42K,3 years,"Hello new badgers!! This video shares some tips I wish I had known during my freshman year, hopefully, it makes your experience¬†...",2024-01-29 06:12:43.122709
/watch?v=FAJi_iBhqFY&pp=ygUHdXcgZm9vZA%3D%3D,/@ParisBoswell,Paris Boswell,"Everything You NEED to Know About UW-MADISON! (dorms, food, etc)",114K,4 years,been getting so many questions all about uw since i started here so I finally got around to making this video answering (hopefully)¬†...,2024-01-29 06:12:43.124856
/watch?v=Gol-If3BiXg&pp=ygUHdXcgZm9vZA%3D%3D,/@UWHFS,UWHFS,A Dawg's Vlog // Hannah 3 | What I Eat In A Week,8.3K,5 years,"Hello, fellow Dawgs! This week I wanted to show you what I eat on campus at UW! To learn more about living on campus at the¬†...",2024-01-29 06:12:43.127629
/watch?v=gaJ60z0Fr88&pp=ygUHdXcgZm9vZA%3D%3D,/@UWHFS,UWHFS,UW HFS | Dining Overview feat. Executive Chef Tracey MacRae,1K,9 months,Make sure you like and subscribe for more content coming soon! To learn more about University of Washington's Housing & Food¬†...,2024-01-29 06:12:43.130204
/watch?v=2Enr83__pvU&pp=ygUHdXcgZm9vZA%3D%3D,/@kennakwok.,Kenna Kwok,ALL ABOUT UW - WHAT I WISH I KNEW BEFORE,17K,2 years,I wanted to share a video covering all aspects of the University of Washington and things I wish I knew before freshman year!,2024-01-29 06:12:43.132868
/watch?v=lZgxJ_ptOkU&pp=ygUHdXcgZm9vZA%3D%3D,/@UWHFS,UWHFS,UW HFS | Center Table Tour,4.8K,3 years,For more information on Center Table visit our website at https://hfs.uw.edu/Eat/dining-hours/Center-Table Make sure you like and¬†...,2024-01-29 06:12:43.135048
/watch?v=CRO1sboiEo4&pp=ygUHdXcgZm9vZA%3D%3D,/@universityofwashington,UW (University of Washington),UW Food Pantry opens Nov. 1,1.3K,5 years,"UW Food Pantry coordinator/UW grad student Christina Sun and volunteers prep for opening day, November 1st at 11:30 am.",2024-01-29 06:12:43.137198
/watch?v=efvGmyTIDpI&pp=ygUHdXcgZm9vZA%3D%3D,/@UWHFS,UWHFS,UW HFS | Dining Sustainably at the UW,1K,4 years,Make sure you like and subscribe for more content coming soon! To learn more about University of Washington's Housing & Food¬†...,2024-01-29 06:12:43.139851
/watch?v=xdxixksMeJg&pp=ygUHdXcgZm9vZA%3D%3D,/@uwhousing,UW-Madison Housing,#EatWithBucky in UW-Madison Housing Dining & Culinary Services,204,1 month,UW-Madison Housing Dining & Culinary Services serves the residents of the University Residence Halls as well as all¬†...,2024-01-29 06:12:43.142347
/watch?v=XNRlGk6jn5k&pp=ygUHdXcgZm9vZA%3D%3D,/@uwspathletics,uwspathletics,UWSP Women's Basketball vs. UW-River Falls,188,Streamed 1 day,The UWSP women's basketball team opens the second half of conference play at home versus UWRF.,2024-01-29 06:12:43.144328
/watch?v=rH9hxEKThoY&pp=ygUHdXcgZm9vZA%3D%3D,/@UWHFS,UWHFS,UW HFS | Alder Hall District Market Tour,3.8K,4 years,For more information on the District Market visit our website at bit.ly/UWDistrictMarket Make sure you like and subscribe for more¬†...,2024-01-29 06:12:43.147610
/watch?v=k-d9_2248Cc&pp=ygUHdXcgZm9vZA%3D%3D,/@uwnutritionalsciences,Nutritional Sciences Program,Highlights of UW Food Systems Walking Tour 2021,58,2 years,This video features highlights from a tour featured as part of the University of Washington Autumn Dawg Daze events on October 1¬†...,2024-01-29 06:12:43.149621
/watch?v=eqso_FCGAFQ&pp=ygUHdXcgZm9vZA%3D%3D,/@UWHFS,UWHFS,UW HFS | Cultivate Tour,932,4 years,Make sure you like and subscribe for more content coming soon! To learn more about University of Washington's Housing & Food¬†...,2024-01-29 06:12:43.151567
/watch?v=76pNDtBTOLw&pp=ygUHdXcgZm9vZA%3D%3D,/@ucuww,UW-W University Center,Best of Breakfast at UW-Whitewater,1.6K,4 years,"Who's hungry for breakfast? Shauna, Jessica, Anna, & Ryan are showing you some of the best and most convenient breakfast¬†...",2024-01-29 06:12:43.153417
/watch?v=VrqvvxDWb40&pp=ygUHdXcgZm9vZA%3D%3D,/@UWStoutDiningService,University Dining Service,University Dining at UW-Stout,2.5K,5 years,Learn about Dining at the University of Wisconsin - Stout.,2024-01-29 06:12:43.156887
/watch?v=nTUG9qKa5ig&pp=ygUHdXcgZm9vZA%3D%3D,/@uhsmadison,University Health Services,UW Food Shed: Free Produce to Students and Staff,861,6 years,"Located in: 3rd floor student activity center, 2nd floor Moore Hall, Allen Centennial Garden, and room 15 Science Hall.",2024-01-29 06:12:43.159170
/watch?v=nip2YinHsa4&pp=ygUHdXcgZm9vZA%3D%3D,/@uwlacrossevids,University of Wisconsin-La Crosse,UWL - What's cooking at Whitney?,623,8 months,"UWL Dining Hungry? There are plenty of places to eat on the UWL campus. UWL Dining Services offers great food, that is healthy,¬†...",2024-01-29 06:12:55.030102
/watch?v=R-Sq-8x2gsA&pp=ygUHdXcgZm9vZA%3D%3D,/@KING5Seattle,KING 5 Seattle,UW sets up food pantry for students,70,5 years,"When volunteers saw people lined up down the street at their last even, they decided they needed a more permanent set up.",2024-01-29 06:12:55.031809
/watch?v=trWL_qCZU4c&pp=ygUHdXcgZm9vZA%3D%3D,/@BadgerHerald1969,The Badger Herald,Students criticize new changes to UW meal plan,1.5K,5 years,Students gathered in protest of a new meal plan policy that will require students to purchase a meal plan while living in residence¬†...,2024-01-29 06:12:55.033121
/watch?v=RCuep0PazsY&pp=ygUHdXcgZm9vZA%3D%3D,/@Channel3000,Channel 3000 / News 3 Now,Food delivery robots on UW-Madison campus busier than ever,3.2K,2 years,"For more than two years now, 35 autonomous robots have been rolling around the University of Wisconsin-Madison campus¬†...",2024-01-29 06:12:55.035592
/watch?v=hKQ0su09l_Y&pp=ygUHdXcgZm9vZA%3D%3D,/@iapstudyabroad,UW-Madison Study Abroad,UW Food Systems and the Environment in Northern Japan,108,5 years,Hokkaido offers diverse agro-ecosystems and is the largest agricultural production area in Japan. Located on the same latitude as¬†...,2024-01-29 06:12:55.036501
/watch?v=fJ8StPt3OhE&pp=ygUHdXcgZm9vZA%3D%3D,/@Channel3000,Channel 3000 / News 3 Now,UW Dining offering 'blended burger',28,4 years,UW-Madison students are testing out new blended burger flavors on campus today.,2024-01-29 06:12:55.037383
/watch?v=jW-aW0y-Vfg&pp=ygUHdXcgZm9vZA%3D%3D,/@sustainableUW,UW Sustainability,Food Systems at UW: a tri-campus event,78,2 years,"This virtual event featured faculty and staff from the University of Washington's Bothell, Seattle and Tacoma campuses discussing¬†...",2024-01-29 06:12:55.039596
/watch?v=cYXBAqDRrJ8&pp=ygUHdXcgZm9vZA%3D%3D,/@feedmeimei,feed meimei,What to Eat in SEATTLE! Seattle Food Tour Part 1 2022,439K,1 year,Today I am showing you What to Eat in Seattle -- Seattle Food Tour 2022! We go to many delicious Seattle restaurants and eat¬†...,2024-01-29 06:12:55.040604
/watch?v=-nJHIDEjN34&pp=ygUHdXcgZm9vZA%3D%3D,/@genzfinance8626,Gen Z Finance,UW Dining advice,456,3 years,Learn about UW dining accounts and what level you should sign up on for on the first year of your school.,2024-01-29 06:12:55.041506
/watch?v=M94Gq9YQgcI&pp=ygUHdXcgZm9vZA%3D%3D,/@wkbtnews8now,WKBT News 8 Now,UW-L students complain about food service switchover,2K,11 years,UW-L administrators said the switchover to Sodexo is not going as smoothly as they'd hoped.,2024-01-29 06:12:55.042422
/watch?v=qcLzS1oHZpU&pp=ygUHdXcgZm9vZA%3D%3D,/@WISN,WISN 12 News,UW-Milwaukee's Food Center Helps Students Facing 'Food Insecurity',119,5 years,"According to the Government Accountability Office, which is a non-partisan agency that works for Congress, three million students¬†...",2024-01-29 06:12:55.043877
/watch?v=FMgYXnJ9apw&pp=ygUHdXcgZm9vZA%3D%3D,/@feedmeimei,feed meimei,What to Eat in SEATTLE! Seattle Food Tour Part 1 2023,379K,6 months,Today I am showing you What to Eat in Seattle -- Seattle Food Tour Part 1 2023! We go to many delicious Seattle restaurants and¬†...,2024-01-29 06:12:55.045086
/watch?v=6DArKeKKdRA&pp=ygUHdXcgZm9vZA%3D%3D,/@tmj4,TMJ4 News,UW-Milwaukee's campus food pantry help ease student hunger,117,6 years,UW-Milwaukee is offering food to students in need. A recent survey showed that 50 percent of the students on UWMs campus¬†...,2024-01-29 06:12:55.046156
/watch?v=bjcPn-Tw7YI&pp=ygUHdXcgZm9vZA%3D%3D,/@WKOWTV27,WKOW 27 NEWS,Delivery Robots Hit UW-Madison,11K,4 years,Students and staff at UW-Madison are getting a taste of the future.,2024-01-29 06:12:55.047305
/watch?v=0xHp2XCYauY&pp=ygUHdXcgZm9vZA%3D%3D,/@uwhealth,UW Health,Pureed Foods 101 for Bariatric Post-Op,100K,3 years,Basic info about how to prepare post-op pureed meals.,2024-01-29 06:12:55.048287
/watch?v=RVKdmjAT5PA&pp=ygUHdXcgZm9vZA%3D%3D,/@uwnutritionalsciences,Nutritional Sciences Program,Food on Campus: UW Sustainability Plans and Initiatives,269,3 years,"University of Washington Nutritional Sciences Program presents, ""Food Systems in the Age of Climate Change,"" our winter 2020¬†...",2024-01-29 06:13:07.159641
/watch?v=2pe7i4aMris&pp=ygUHdXcgZm9vZA%3D%3D,/@UWMadisonScienceExpeditions,UW-Madison Science Expeditions,UW-Madison Food Science Club: The Science of Ice Cream,155,2 years,"We will provide ingredient list, recipe and steps for creating no-churn ice cream. During a recorded video by the UW ‚Äì Madison¬†...",2024-01-29 06:13:07.160944
/watch?v=fxz15gq3cX4&pp=ygUHdXcgZm9vZA%3D%3D,/@UWMedicineHealth,UW Medicine,Thanksgiving food safety tips | UW Medicine,104,1 year,"While your coming together for the best meals of the year, be mindful of who's helping cook, if the food should remain cold or¬†...",2024-01-29 06:13:07.162254
/watch?v=_Ae5HViA-lI&pp=ygUHdXcgZm9vZA%3D%3D,/@Channel3000,Channel 3000 / News 3 Now,Book On 'Food' Sparks Debate On UW Campus,31,14 years,"""In Defense of Food"" is everywhere on the University of Wisconsin-Madison campus this fall, and the best-selling book is sparking¬†...",2024-01-29 06:13:07.163122
/watch?v=CNCnpmla8ok&pp=ygUHdXcgZm9vZA%3D%3D,/@uwstoutvideos,University of Wisconsin-Stout,UW-Stout's Helping Hand Food Pantry,197,4 years,"UW-Stout Helping Hand Food Pantry opened on 4/9/2019 in University Services, Room 130, providing food and other items for¬†...",2024-01-29 06:13:07.164015
/watch?v=iCGpEfbQUiI&pp=ygUHdXcgZm9vZA%3D%3D,/@FHKing-cb2zp,F.H. King,UW-Madison Real Food Week,1.9K,10 years,"Watch in HD if ya please http://www.realfooduwmadison.com Music credit to: Shugo Tokumaru - ""Katachi"" The Real Food¬†...",2024-01-29 06:13:07.164898
/watch?v=kzbvMudBg50&pp=ygUHdXcgZm9vZA%3D%3D,/@UWEauClaire,University of Wisconsin-Eau Claire,The future is here:  Robots roam with purpose at UW-Eau Claire,696,1 year,"If you see a few motorized machines roving on campus, don't be alarmed. They're a new addition to the Blugold family, helping to¬†...",2024-01-29 06:13:07.165700
/watch?v=oNgM2llHazs&pp=ygUHdXcgZm9vZA%3D%3D,/@uw-greenbayuniversityunion5443,UW-Green Bay University Union,How to use Dining and Pass Points at UW-Green Bay,39,1 year,https://www.uwgb.edu/dining/green-bay-campus/dining-points/,2024-01-29 06:13:07.166625
/watch?v=shnC7E0OJ04&pp=ygUHdXcgZm9vZA%3D%3D,/@theuwfarm9148,The UW Farm,UW Farms & Food Recovery with Fare Start,45,3 years,Chef Seth Fernald of Fare Start demonstrates how to make a dish using UW Farm Produce.,2024-01-29 06:13:07.167876
/watch?v=iJ2Q0GO0cpY&pp=ygUHdXcgZm9vZA%3D%3D,/@wxownews1925,WXOW News 19,UW-L Staff and Students Donate to the School's Food Bank,3,4 years,UW-L Staff and Students Donate to the School's Food Bank.,2024-01-29 06:13:07.168865
/watch?v=zs53bXHJkN0&pp=ygUHdXcgZm9vZA%3D%3D,/@ParisBoswell,Paris Boswell,"FINALS WEEK AT UW-MADISON! lots of hauls, drinks, food, + friends",5.7K,2 years,my last week of junior year at university of wisconsin! sad it's over but this vlog was so fun! INSTAGRAM: @parisboswell¬†...,2024-01-29 06:13:07.170389
/watch?v=bUfCT2wio1U&pp=ygUHdXcgZm9vZA%3D%3D,/@UWHFS,UWHFS,UW HFS | Center Table 360¬∞ Tour,1.5K,2 years,For more information on Center Table visit our website at https://hfs.uw.edu/Eat/dining-hours/Center-Table Make sure you like and¬†...,2024-01-29 06:13:07.171372
/watch?v=e-ax6bwk1j0&pp=ygUHdXcgZm9vZA%3D%3D,/@goodmancommunitycenter6083,Goodman Community Center,Goodman UW Food Drive 2019 30 sec.,280,4 years,Thanks to Wisconsin Athletics and News 3.,2024-01-29 06:13:07.173037
/watch?v=zCgLWI0yX7U&pp=ygUHdXcgZm9vZA%3D%3D,/@SustainUW,UW‚ÄìMadison Office of Sustainability,The UW-Madison Compost Journey,631,5 years,How does UW-Madison compost your food scraps when you drop them off in a compost container or at a dining hall on campus?,2024-01-29 06:13:07.174022
/watch?v=fJgLqugDH80&pp=ygUHdXcgZm9vZA%3D%3D,/@tmj4,TMJ4 News,UW-Milwaukee garden helps feed students,60,3 years,The UW-Milwaukee food pantry is available for current students and provides a week's worth of food per student.,2024-01-29 06:13:07.175025
/watch?v=SToZ4kXdBHU&pp=ygUHdXcgZm9vZA%3D%3D,/@universityofwashington,UW (University of Washington),An guide to Afghan nutrition by UW's Priyasha Maharjan,609,3 months,"Unfamiliar foods can get in the way of following a recommended diet. For the Afghan community seeking health care in the U.S.,¬†...",2024-01-29 06:13:07.175978
/watch?v=HQ2BiY1FqCA&pp=ygUHdXcgZm9vZA%3D%3D,/@UWHFS,UWHFS,#HuskyHome | UW Residential Housing Tour,68K,4 years,Make sure you like and subscribe for more content coming soon! To learn more about University of Washington's Housing & Food¬†...,2024-01-29 06:13:07.177300
/watch?v=c9V4JqRhPdo&pp=ygUHdXcgZm9vZA%3D%3D,/@hadar.shemesh,Accent's Way English with Hadar,How to pronounce foot vs. food | Tense UW vs. Lax U in American English Pronunciation,52K,6 years,You asked for it - so here it is! The difference between pool-pull/fool-full/food-foot/kook-cook: he tense uw and lax U in English.,2024-01-29 06:13:07.178323
/watch?v=NoD7iwOKod8&pp=ygUHdXcgZm9vZA%3D%3D,/@UWHFS,UWHFS,UW HFS | üî¥ [LIVE] Tour of Center Table,2.3K,Streamed 5 years,"Center Table is a contemporary dining destination located at the heart of North Campus. At 28000 square feet, Center Table offers¬†...",2024-01-29 06:13:19.542994
/watch?v=eSgzNPh9EVE&pp=ygUHdXcgZm9vZA%3D%3D,/@uwstoutedu,uwstoutedu,Price Commons dining facility at UW-Stout,954,14 years,Walk through of new dining area. Open now. Video courtesy of StoutMedia.,2024-01-29 06:13:19.544525
/watch?v=cdyPTb7xDRk&pp=ygUHdXcgZm9vZA%3D%3D,/@Channel3000,Channel 3000 / News 3 Now,Meal plan backlash at UW,923,6 years,A change in dinning hall policy is sparking backlash at UW.,2024-01-29 06:13:19.546198
/watch?v=aA895rb8qjA&pp=ygUHdXcgZm9vZA%3D%3D,/@brnewhouse,brnewhouse,UW-Madison Dining Halls,471,9 years,This gives a brief overview of the dining halls on-campus at UW-Madison.,2024-01-29 06:13:19.547214
/watch?v=g--93OS0498&pp=ygUHdXcgZm9vZA%3D%3D,/@nancyhe,Nancy He ‰ΩïÂçóÂ∏å,DAY IN MY LIFE @ the University of Washington // freshman,21K,1 year,"dayinthelife #universityofwashington #collegevlog welcome everyone to, I think, my favorite video I've ever filmed/edited ever!",2024-01-29 06:13:19.548120
/watch?v=xuqOxiq8z_A&pp=ygUHdXcgZm9vZA%3D%3D,/@kthomp4321,Karl Thompson,Slow Food UW- By James Hoffman,79,12 years,"A short documentary about a local Madison slow food and environmental/food activist group, Slow Food UW.",2024-01-29 06:13:19.549130
/watch?v=ZxDUWqcQlVU&pp=ygUHdXcgZm9vZA%3D%3D,/@UWHFS,UWHFS,UW HFS | Make it from the DM: Sandwich,338,4 years,"Prepping your meals with items from the District Market is a great way to keep food cost down, and have alternative meal options¬†...",2024-01-29 06:13:19.550113
/watch?v=Vb1xidXt92U&pp=ygUHdXcgZm9vZA%3D%3D,/@wmtv15,wmtv15,UW Day of Service Food Drive,18,7 years,15 News at 6.,2024-01-29 06:13:19.551108
/watch?v=R37Xlv_RZv4&pp=ygUHdXcgZm9vZA%3D%3D,/@UWHFS,UWHFS,UW HFS | Oak Hall District Market Tour,1.9K,1 year,Make sure you like and subscribe for more content coming soon! To learn more about University of Washington's Housing & Food¬†...,2024-01-29 06:13:19.552065
/watch?v=E2eJm03Z79w&pp=ygUHdXcgZm9vZA%3D%3D,/@InsiderFood,Insider Food,US vs UK Food Wars Season 4 Marathon | Food Wars | Insider Food,1.6M,8 months,We compared all the items from the same fast food chains and brands in the US and UK to discover the big differences between¬†...,2024-01-29 06:13:19.553687
/watch?v=Lbpic9fGUcg&pp=ygUHdXcgZm9vZA%3D%3D,/@InsiderFood,Insider Food,US vs UK Food Wars Season 2 Marathon | Food Wars | Food Insider,4.3M,2 years,We compared all the items from the same fast food chains and brands in the US and UK to discover the big differences between¬†...,2024-01-29 06:13:19.555194
/watch?v=J8yAtjyD4AE&pp=ygUHdXcgZm9vZA%3D%3D,/@UWHFS,UWHFS,UW HFS | Farm to Table,4.6K,9 years,"To learn more about University of Washington's Housing & Food Services, visit our website here: https://hfs.uw.edu/ FACEBOOK¬†...",2024-01-29 06:13:19.556484
/watch?v=TlWWMrlzD1k&pp=ygUHdXcgZm9vZA%3D%3D,/@badgerreportnews,badgerreportnews,UW Dining Halls Go Paperless Receipts,35,8 years,"Thanks to a push for paperless receipts by the Associated Students of Madison, UW dining halls across campus are now only¬†...",2024-01-29 06:13:19.560079
/watch?v=PvcpUMWx7GU&pp=ygUHdXcgZm9vZA%3D%3D,/@Channel3000,Channel 3000 / News 3 Now,Electric food truck at UW-Madison wraps up second semester of operations,66,1 year,"Electric Eats, an all-electric sustainable food truck on the University of Wisconsin-Madison campus, has wrapped up its second¬†...",2024-01-29 06:13:19.561831
/watch?v=FlJ1T8iqBd4&pp=ygUHdXcgZm9vZA%3D%3D,/@UWHFS,UWHFS,A Dawg's Vlog // Hannah 16 | Eating On An Apartment Dining Plan,3.9K,4 years,Hello fellow Dawgs! Now that I live in an apartment on-campus my dining looks a little different. Check it out! Make sure you like¬†...,2024-01-29 06:13:19.563194
/watch?v=NJDPtXeIMFQ&pp=ygUHdXcgZm9vZA%3D%3D,/@iapstudyabroad,UW-Madison Study Abroad,"Japan, UW Food Systems: Jessica Vong",54,4 months,"This Summer, #UWMadison student Jessica Vong is studying in Japan for the UW Food Systems program! Here is why she chose¬†...",2024-01-29 06:13:19.564117
/watch?v=YjDkjr8qOUw&pp=ygUHdXcgZm9vZA%3D%3D,/@wkbtnews8now,WKBT News 8 Now,UW-La Crosse Dining Service donates food to local elementary schools,13,3 years,UW-La Crosse Dining Service donates food to local elementary schools.,2024-01-29 06:13:19.565025
/watch?v=5NAGe2kZB4A&pp=ygUHdXcgZm9vZA%3D%3D,/@UWHFS,UWHFS,UW HFS | Hansee Hall Virtual Tour,26K,5 years,Striking Tudor architecture and beautiful common areas. This 24-hour quiet hall houses undergraduates and upperclassmen.,2024-01-29 06:13:19.565903
/watch?v=LvAbeGrAHDg&pp=ygUEZm9vZA%3D%3D,/@MoreBestEverFoodReviewShow,More Best Ever Food Review Show,Harshly Judging Mall Food in USA's Biggest Mall!!,1.3M,8 days,Follow us on Instagram: Sonny Side: @besteverfoodreviewshow - - - - - - - - - - - - - - - - - CREDITS: VIDEO EDITOR ¬ª H√† Nh·∫≠t¬†...,2024-01-29 06:16:06.720361
/watch?v=qabacdJ0eDA&pp=ygUEZm9vZA%3D%3D,/@BestEverFoodReviewShow,Best Ever Food Review Show,Must Try Before You Die!! Fair Food From NY to Washington!!,2.1M,1 month,SUPPORT OUR MISSION: Patreon is a platform that allows people to support creators on a recurring basis. Your contribution is¬†...,2024-01-29 06:16:06.722184
/watch?v=mS7TkT3TxSI&pp=ygUEZm9vZA%3D%3D,/@BestEverFoodReviewShow,Best Ever Food Review Show,Lizard Tail BBQ!! Most Bizarre Food in Puerto Rico!!,833K,7 days,SUPPORT OUR MISSION: Patreon is a platform that allows people to support creators on a recurring basis. Your contribution is¬†...,2024-01-29 06:16:18.018191
/watch?v=q5bZvK2rAPc&pp=ygUEZm9vZA%3D%3D,/@rug,FaZe Rug,Eating GIANT Spicy Vs Sour Food - EXTREME Challenge,3M,9 days,I challenged Kaelyn to the ultimate spicy vs sour food challenge.. but we made everything GIANT! This was one of the hardest¬†...,2024-01-29 06:16:18.024031
/watch?v=UIct1iwOqEY&pp=ygUEZm9vZA%3D%3D,/@MarkWiens,Mark Wiens,"Italian Street Food!! ü•™ üáÆüáπ World‚Äôs Most Famous Sandwich - Florence, Italy!!",1.9M,3 weeks,"FLORENCE, ITALY - Today we're going on an ultimate Italian food tour in Florence, Italy. We'll eat some of the most legendary¬†...",2024-01-29 06:16:18.032819
/watch?v=WSJAEyExpBY&pp=ygUEZm9vZA%3D%3D,/@NickDiGiovanni,Nick DiGiovanni,Most Viral Food TikToks,1M,8 days,I can't believe what happened in the last clip. Watch to find out! @mrnigelng SUBSCRIBE TO CATCH GORDON RAMSAY¬†...,2024-01-29 06:16:18.036017
/watch?v=NFrTX8HuRXc&pp=ygUEZm9vZA%3D%3D,/@BestEverFoodReviewShow,Best Ever Food Review Show,Iconic Puerto Rican Street Food in San Juan! Pork-Pocalypse!!,895K,3 weeks,"CHULETA CAN CAN (CAN CAN CUTLET, FRIED PORK CHOP): Prepare a delectable pork chop by boiling the meat until¬†...",2024-01-29 06:16:18.042558
/watch?v=uhYiRmGURwE&pp=ygUEZm9vZA%3D%3D,/@JoshuaWeissman,Joshua Weissman,I Turned Dollar Store Food Gourmet,2.8M,8 months,The ultimate challenge to prove that the most important aspect of cooking is technique... I hope. Come See Me Tomorrow:¬†...,2024-01-29 06:16:18.051576
/watch?v=ad192sqP1Lo&pp=ygUEZm9vZA%3D%3D,/@PrestonYT,Preston,Eating 100 Years of Fast Food!,3.7M,1 month,------------------------------ Additional music provided by Epidemic Sound Click here for a free trial!,2024-01-29 06:16:18.055964
/watch?v=58vmAjxRB7I&pp=ygUEZm9vZA%3D%3D,/@Beardmeatsfood,BeardMeatsFood,FINALLY ATTEMPTING SCOTLAND'S BIGGEST BURGER CHALLENGE! | BeardMeatsFood,859K,11 hours,"This one is long overdue...we're at The City Cafe in Edinburgh today, doing battle with their 'Ultimate Burger Challenge'.",2024-01-29 06:16:18.061097
/watch?v=Wc_F_BesIT0&pp=ygUEZm9vZA%3D%3D,/@MarkWiens,Mark Wiens,EXTREME Vietnamese Street Food - 5 Must Eat Foods in Hanoi!!,3.2M,8 months,"HANOI, VIETNAM - Today we're going on an ultimate Vietnamese street food tour to eat 5 of the must eat Vietnamese foods in¬†...",2024-01-29 06:16:18.066070
/watch?v=QaqLH5gglM4&pp=ygUEZm9vZA%3D%3D,/@BestEverFoodReviewShow,Best Ever Food Review Show,Bizarre State Fair Food!! Washington lost their minds!!,1.2M,1 month,1. KALEENKA PIROSHKY MEAT AND CHEESE PIROSHKI PRICE: $14.00 - - - - - - - - - - - - - - - - - 2. FLEISCH KUECHLE¬†...,2024-01-29 06:16:18.073647
/watch?v=T4NOt727wqI&pp=ygUEZm9vZA%3D%3D,/@InsiderFood,Insider Food,20 Comfort Foods From Around The World | Around The World | Food Insider,6.3M,3 years,"In a time when much of the world is facing lockdown because of the coronavirus pandemic, unable to see family and friends in¬†...",2024-01-29 06:16:18.081160
/watch?v=n0vB3GlGJts&pp=ygUEZm9vZA%3D%3D,/@royaltyfam,The Royalty Family,Eating 7-11 Food ONLY for a Day! üçïüå≠,28M,9 months,BUSINESS INQUIRIES ‚û°royaltyfambusiness@gmail.com Welcome To THEROYALTYFAMILY! We're a multiculturalfamilybased¬†...,2024-01-29 06:16:18.083138
/watch?v=_McjBGfacfc&pp=ygUEZm9vZA%3D%3D,/@SoonFilms,Soon Films ÏàúÌïÑÎ¶Ñ,Japanese Style Egg Bacon Pancakes - Japanese Street Food,2.3M,3 months,"Location and pricing information ** Fukuoka, Japan Google maps - https://maps.app.goo.gl/UYvagRpK8UodxWMT8 Bacon¬†...",2024-01-29 06:16:18.087683
/watch?v=Wxdj970RM7M&pp=ygUEZm9vZA%3D%3D,/@InsiderFood,Insider Food,The Most Iconic Food In Every State | 50 State Favorites,8.3M,3 years,"Every state has its own iconic food ‚Äî Idaho potatoes are world famous, and New York pizza is legendary. Here's a look at the¬†...",2024-01-29 06:16:18.090193
/watch?v=wcpAr72laDs&pp=ygUEZm9vZA%3D%3D,/@besteverfoodindia,Best Ever Food India ( w/ Sonny Side ),Deadly Indian Street Food in Chennai!! Do you dare?,1.2M,9 days,Follow us on Instagram: Sonny Side: @besteverfoodreviewshow - - - - - - - - - - - - - - - - - CREDITS: VIDEO EDITOR ¬ª Tiep¬†...,2024-01-29 06:16:18.093815
/watch?v=pzhCITWnjok&pp=ygUEZm9vZA%3D%3D,/@townsends,Townsends,Winter Survival Food: Beef Stew,81K,16 hours,Winter survival food is all about getting through on what you are able to grow and harvest yourself. We have talked plenty about¬†...,2024-01-29 06:16:18.100207
/watch?v=GPBe-oYlG1A&pp=ygUEZm9vZA%3D%3D,/@ZachChoi,Zach Choi ASMR,"ASMR MUKBANG | Fast Food, Big Mac, Chicken Nuggets, Onion Rings, Chicken Sandwich, Wings, Fries",17M,10 months,"ASMR MUKBANG | Fast Food, Big Mac, Chicken Nuggets, Onion Rings, Chicken Sandwich, Wings, Fries Check out my¬†...",2024-01-29 06:16:18.102363
/watch?v=Zlzi7tsrrh4&pp=ygUEZm9vZA%3D%3D,/@MoreBestEverFoodReviewShow,More Best Ever Food Review Show,"$10 vs $125 Food Truck Food in Austin, Texas!!",7.2M,11 months,Follow us on Instagram: Sonny Side: @besteverfoodreviewshow - - - - - - - - - - - - - - - - - CREDITS: VIDEO EDITOR ¬ª H√† Nh·∫≠t¬†...,2024-01-29 06:16:30.075752
/watch?v=SHVAXf7zVA0&pp=ygUEZm9vZA%3D%3D,/@ErikTheElectric,ErikTheElectric,I Ate Only FAMILY SIZED Fast Food Meals For a Day,10M,11 months,"For One Day, I attempted to eat ONLY Family Sized Fast Food Menu Items! To make this fast food calorie challenge even crazier,¬†...",2024-01-29 06:16:30.078648
/watch?v=3tG7b94X3pU&pp=ygUEZm9vZA%3D%3D,/@royaltyfam,The Royalty Family,Eating the SPICIEST FOOD From Every Fast Food Restaurant!,9.6M,10 months,BUSINESS INQUIRIES ‚û°royaltyfambusiness@gmail.com Welcome To THEROYALTYFAMILY! We're a multiculturalfamilybased¬†...,2024-01-29 06:16:30.079889
/watch?v=Bs4viHlAz3U&pp=ygUEZm9vZA%3D%3D,/@mythicalkitchen,Mythical Kitchen,Uncle Roger Eats His Last Meal,1.7M,5 days,"Today, Josh is cooking Nigel Ng (Uncle Roger)'s last meal. Check out Nigel's YouTube Channel¬†...",2024-01-29 06:16:30.081625
/shorts/uFhdwYIg0R0,/@NickDiGiovanni,Nick DiGiovanni,Best Fast Food Combo Meal,8.5M,1 year,shorts #fastfood #combomeal.,2024-01-29 06:16:30.083660
/watch?v=dV2sSjh1rlA&pp=ygUEZm9vZA%3D%3D,/@SpongeBobOfficial,SpongeBob SquarePants Official,EVERY Food in Bikini Bottom Ever üòã | 1 Hour | SpongeBob,3.6M,7 months,"The most iconic food in Bikini Bottom is the Krabby Patty, but there's so many other things to try! How about some ink lemonade,¬†...",2024-01-29 06:16:30.085906
/watch?v=b9Jyjc-2PGs&pp=ygUEZm9vZA%3D%3D,/@rug,FaZe Rug,Trying Fast Foods Most Dangerous Meals!,5.1M,8 months,"Today, I pushed myself to eat some of the unhealthiest meals in America, in 1 day. This was simply to test the effects that junk food¬†...",2024-01-29 06:16:30.088864
/watch?v=LmZZgKW_9vA&pp=ygUEZm9vZA%3D%3D,/@MarkWiens,Mark Wiens,"Italian Food in Sardinia!! LOBSTER + Fried Calamari on a Boat! | Sardinia, Italy",609K,8 days,"SARDINIA, ITALY - Sardinia, an island with a lot of history in the Mediterranean Sea, is unlike anywhere in Italy. It's my first time to¬†...",2024-01-29 06:16:30.091010
/watch?v=-c8eATXUui8&pp=ygUEZm9vZA%3D%3D,/@letsKWOOWK,KWOOWK,24 Hours Of Street Food in New York City,842K,8 months,Today I'm in New York City and I'm trying a bunch of food that you recommended. Which one would you love to try? Become a¬†...,2024-01-29 06:16:30.093129
/shorts/RWZ_Rx9l5BE,/@TommoCarroll,Tommo Carroll,The INFINITE FOOD Glitch,61M,8 months,The infinite food glitch after I had a quick snack of lettuce I was left with this stump so I chucked it in a small bit of water and within¬†...,2024-01-29 06:16:30.095361
/watch?v=W20wnEQTWUs&pp=ygUEZm9vZA%3D%3D,/@Munchies,Munchies,The Hot Dog King of Tulsa | Street Food Icons,3.8M,2 years,"Josh Lynch is the founder and owner of The Dog House, a food truck in Tulsa, Oklahoma that sells specialty hot dogs. Along with¬†...",2024-01-29 06:16:30.098018
/watch?v=BF9PeV8PHVw&pp=ygUEZm9vZA%3D%3D,/@InsiderFood,Insider Food,US vs China McDonald‚Äôs | Food Wars | Insider Food,2.7M,8 months,"From calorie count to portion sizes, we wanted to find all the differences between McDonald's in the US and China. This is ""Food¬†...",2024-01-29 06:16:30.101059
/watch?v=w9XP-naXz_M&pp=ygUEZm9vZA%3D%3D,/@ErikTheElectric,ErikTheElectric,I Survived 7 World Record Food Challenges In 7 Days,2.2M,1 month,"World Record Eating Challenges are usually based around speed, and while that's certainly a huge factor in this week's eating¬†...",2024-01-29 06:16:30.104511
/watch?v=2pn2BZ1vB64&pp=ygUEZm9vZA%3D%3D,/@FoodNetwork,Food Network,Our 10 Favorite Ina Garten Comfort Food Recipe Videos | Barefoot Contessa | Food Network,762K,9 months,"Ina throws open the doors of her Hamptons home for delicious food, dazzling entertaining ideas and good fun on Barefoot¬†...",2024-01-29 06:16:30.113071
/shorts/AJSZzt_d7yI,/@Moribyan,Moribyan,The easiest one pan dinner with chicken AND potatoes!! #recipe #food #shorts,1M,9 months,Recipe: https://moribyan.com/one-pan-moroccan-chicken-bake/,2024-01-29 06:16:30.115041
/watch?v=x5nEb-7UKZI&pp=ygUEZm9vZA%3D%3D,/@gordonramsay,Gordon Ramsay,Indian Resteraunt Food Stuns Gordon Ramsay | Ramsay's Best Restaurant,32M,4 years,"This week's full episode of Ramsay's Best restaurant, two of the highest voted Indian restaurants battle it out in Restaurant Gordon¬†...",2024-01-29 06:16:30.116859
/watch?v=JnfDUHU3VgA&pp=ygUEZm9vZA%3D%3D,/@AETV,A&E,Hoarders: Biggest FOOD Hoards | One-Hour Compilation | A&E,1.2M,1 year,"Check out the biggest hoards from the show involving food, in this compilation from Hoarders! #Hoarders Stay up to date on all of¬†...",2024-01-29 06:16:30.118743
/watch?v=F_9PnhbCcUM&pp=ygUEZm9vZA%3D%3D,/@NickDiGiovanni,Nick DiGiovanni,Testing 100 Viral Food Hacks,14M,1 year,Can you cook steak with a flamethrower? Cook eggs in the microwave? We've tested 100 of the most viral food hacks to give you¬†...,2024-01-29 06:16:30.121316
/watch?v=xk8PdL_PdSo&pp=ygUEZm9vZA%3D%3D,/@hihokids,HiHo Kids,Kids Try Their Grandparent's Childhood Favorite Food | Kids Try | HiHo Kids,44M,5 years,About Kids Try: Adventurous and adorable kids give us an entree into the world's array of foods and snacks. Don't forget to¬†...,2024-01-29 06:16:30.123207
/watch?v=BWsSdn52_Rg&pp=ygUEZm9vZA%3D%3D,/@TinyCakesOfficial,Tiny Cakes,1000+ Miniature Cooking Food Recipe | Best Of Miniature Cooking Ideas | Tiny Cakes,9.8M,Streamed 1 year,Question of the Day: Good morning guys. This is a compilation of my best videos which you can know some recipes even though¬†...,2024-01-29 06:16:30.125635
/watch?v=ts0d7I6m7GE&pp=ygUEZm9vZA%3D%3D,/@Munchies,Munchies,$2 Burgers in Harlem | Street Food Icons,21M,4 years,Mo's Burgers in Harlem is a neighborhood staple. Mo Robinson Jr. has been serving the greater Harlem community for over 30¬†...,2024-01-29 06:16:43.812320
/watch?v=siMFBbrwy-E&pp=ygUEZm9vZA%3D%3D,/@DharMannStudios,Dhar Mann Bonus,Fast Food PROPOSAL LAUGHED At On SOCIAL | Dhar Mann Bonus!,400K,13 hours,Don't forget to SUBSCRIBE to our channel by clicking here¬†...,2024-01-29 06:16:43.813871
/watch?v=REa6lI9mLLs&pp=ygUEZm9vZA%3D%3D,/@AbroadandHungry,Abroad and Hungry,"Indian street food - CURRY like you've NEVER seen before! Indian street food in Ahmedabad, India",3.4M,1 year,"Indian street food - In this video, I will take you on a street food tour in Ahmedabad where I will show you Indian curry as you've¬†...",2024-01-29 06:16:43.815568
/watch?v=wNCPgIVz15c&pp=ygUEZm9vZA%3D%3D,/@BestEverFoodReviewShow,Best Ever Food Review Show,American Eats Pakistan!! From Street Food to Strange Food!! (Full Documentary),12M,1 year,SUPPORT OUR MISSION: Patreon is a platform that allows people to support creators on a recurring basis. Your contribution is¬†...,2024-01-29 06:16:43.817183
/watch?v=c2BfMidcXTY&pp=ygUEZm9vZA%3D%3D,/@GoodMythicalMorning,Good Mythical Morning,Frozen Food Ads vs. Real Life Food (Test),1.9M,7 months,"Today, we're seeing if the frozen food matches up to its advertising! GMM # 2400 Subscribe to GMM:¬†...",2024-01-29 06:16:43.818484
/watch?v=PHeS4ZZ9l9A&pp=ygUEZm9vZA%3D%3D,/@InsiderFood,Insider Food,US vs Japan 7-Eleven | Food Wars | Food Insider,2.8M,1 year,"From calorie count to portion sizes, we wanted to find out all the differences between 7-Eleven in the US and Japan. This is Food¬†...",2024-01-29 06:16:43.820096
/watch?v=ooqdg9Wr-mo&pp=ygUEZm9vZA%3D%3D,/@BeastReacts,Beast Reacts,World‚Äôs Most Expensive Food!,76M,2 years,We found world's most expensive foods and work our way to to the priciest dishes! SUBSCRIBE TO THESE CHANNELS OR ELSE¬†...,2024-01-29 06:16:43.821641
/watch?v=bTCQhMMfse0&pp=ygUEZm9vZA%3D%3D,/@theodd1sout,TheOdd1sOut,Junk Food,82M,4 years,"Are you an MMMM Candy bar, because you're so sweet Pre-Order my book¬†...",2024-01-29 06:16:43.822572
/watch?v=Feu-DN-UleE&pp=ygUEZm9vZA%3D%3D,/@MarkWiens,Mark Wiens,Vietnam Street Food - ULTIMATE PHO TOUR!! (How Pho Became World‚Äôs #1 Vietnamese Food),1.8M,8 months,"HANOI, VIETNAM: Welcome to Hanoi, Vietnam, the capital of the most well known Vietnamese food around the world - pho!",2024-01-29 06:16:43.823521
/shorts/fWACVQ6iqoM,/@Rabbert,Rabbert,"You win $200 if you eat the food in 1 minute, Rabbert!",86M,7 months,I edited the video down to under 1 minute so it passes as a short! Sorry for the re-upload (kind of) THANKS FOR WATCHING¬†...,2024-01-29 06:16:43.824483
/watch?v=akpg90CZzB8&pp=ygUEZm9vZA%3D%3D,/@BestEverFoodReviewShow,Best Ever Food Review Show,Crocodile Lechon!! Puerto Rico's Most Outrageous Food!!,386K,17 hours,Thanks to BetterHelp for sponsoring this video! Visit https://betterhelp.com/besteverfood to get 10% off your first month today!,2024-01-29 06:16:43.825923
/shorts/yyUILOQpYF4,/@CharacterMedia,Character Media,The BEST Asian Comfort Food #Shorts #AsianFood #Food,6.8M,10 months,"It's hard to beat a warm bowl of soup on a bad day but Alan Kim, Miya Cech and more have some strong challengers. Watch as¬†...",2024-01-29 06:16:43.828501
/watch?v=WXOuM4wTTxU&pp=ygUEZm9vZA%3D%3D,/@MarkWiens,Mark Wiens,First time in Trinidad and Tobago!! üáπüáπ 20-HOUR STREET FOOD TOUR - Ultimate Food in Port of Spain!!,4.1M,1 year,"PORT OF SPAIN, TRINIDAD AND TOBAGO - Welcome to Port of Spain, the Capital of Trinidad and Tobago islands in the¬†...",2024-01-29 06:16:43.830343
/watch?v=bJMh-nQ5r_0&pp=ygUEZm9vZA%3D%3D,/@FoodTheory,The Food Theorists,Food Theory: This TikTok Drink is the Best WORST Idea Ever! (BORG),3.4M,10 months,"Welp, just like the good ole' Tide Pods Challenge from 2018, another bizarre trend is taking over the youth of America: BORGs.",2024-01-29 06:16:43.835201
/watch?v=VooHiweb1sw&pp=ygUEZm9vZA%3D%3D,/@BusinessInsider,Business Insider,Sneaky Ways Fast Food Restaurants Get You To Spend Money,8.8M,4 years,"Fast food is supposed to be cheap and convenient, but do you ever find yourself spending more on fast food than you expected to¬†...",2024-01-29 06:16:43.837596
/watch?v=UPraU2V9ruk&pp=ygUEZm9vZA%3D%3D,/@MarkWiens,Mark Wiens,First Day in Morocco!! üá≤üá¶ SPIDER CRAB + Moroccan Street Food in Casablanca!,462K,1 day,"CASABLANCA, MOROCCO: Welcome to Casablanca, the biggest city in Morocco! It's my first time visiting Morocco, and I'm¬†...",2024-01-29 06:16:43.839322
/shorts/h0wfghJe7M8,/@unclerogershorts,Uncle Roger Shorts,Comfort Food #ad,10M,8 months,"Uncle Roger's favourite is now @eatmila So sweet, so spicy #milo #noodles #uncleroger #shorts.",2024-01-29 06:16:43.840587
/watch?v=KKkLytDZyp8&pp=ygUEZm9vZA%3D%3D,/@BusinessInsider,Business Insider,So Expensive Food Season 1 Marathon | So Expensive Food | Insider Business,3.7M,11 months,"From Mexican dragon fruit and water-lily seeds to Miyazaki mangoes and ceremonial-grade matcha, we traveled the globe to¬†...",2024-01-29 06:16:43.841460
/watch?v=h6ebKTV3y28&pp=ygUEZm9vZA%3D%3D,/@BestEverFoodReviewShow,Best Ever Food Review Show,PORKO RICO!! Extreme Countryside Cooking in the Caribbean!!,886K,2 weeks,"MORCILLA: Clean the intestines. Separately, blend all of the veggies. Blend the blood to make it smooth. Cook rice. Stuff the¬†...",2024-01-29 06:16:43.842392
/watch?v=CwzaVzIhgmk&pp=ygUEZm9vZA%3D%3D,/@GoodMythicalMorning,Good Mythical Morning,International Comfort Food Taste Test,2.5M,7 months,Where in the world do these international comfort foods come from? GMM # 2416 Check out the latest Rhett & Link video!,2024-01-29 06:16:56.832458
/watch?v=EDGRRiWu2CA&pp=ygUEZm9vZA%3D%3D,/@fatsongsongandthinermao,FatSongsong and ThinErmao,"Food for 29 RMB or 999 RMB, which one would you choose? | mukbang | asmr eating seafood spicy tiktok",1M,2 weeks,"Food for 29 RMB or 999 RMB, which one would you choose? | mukbang | asmr eating seafood spicy tiktok, The Chinese¬†...",2024-01-29 06:16:56.834327
/watch?v=x76t-l69_6E&pp=ygUEZm9vZA%3D%3D,/@MoreBestEverFoodReviewShow,More Best Ever Food Review Show,Korean Street Food After Dark!! The Freaks Come Out At Night!!,3.3M,7 months,Big thanks to Joe (Instagram: @WanderingBicycle) for helping to make this Korea series possible. Follow his journey at¬†...,2024-01-29 06:16:56.835920
/shorts/XcfQ75Nv21Q,/@Sambucha,Sambucha,How Food in Commercials is Made,5.8M,9 months,Subscribe and you'll have good luck forever :) Check out my other socials! Instagram¬†...,2024-01-29 06:16:56.836909
/watch?v=hKnTIaFCajo&pp=ygUEZm9vZA%3D%3D,/@FoodieBoyKR,FoodieBoy Ìë∏ÎîîÎ≥¥Ïù¥,Must Try ! Bangkok Street Food and Night Market - Thai Street Food,4.1M,8 months,Must Try ! Bangkok Street Food and Night Market - Thai Street Food timeline chapter 00:00 Amazing! Thailand Food Market¬†...,2024-01-29 06:16:56.838427
/watch?v=8ztsrqieUck&pp=ygUEZm9vZA%3D%3D,/@strictlydumpling,Strictly Dumpling,24 Hours eating ONLY H-Mart Korean Grocery Store Food,637K,1 month,"I spent an entire day indulging in different Korean dishes ‚Äì breakfast, lunch, dinner, and snacks ‚Äì all sourced from H-Mart.",2024-01-29 06:16:56.839389
/watch?v=hJnlk0JraC0&pp=ygUEZm9vZA%3D%3D,/@InsiderFood,Insider Food,US vs UK Food Wars Season 1 Marathon | Food Wars | Food Insider,13M,2 years,"We compared all the items from the same fast food chain in the US and UK to find out the big differences. As a bonus, Joe Avella¬†...",2024-01-29 06:16:56.840903
/shorts/yomyBvbiEBs,/@Allure,Allure,Millie Bobby Brown Guesses American Food Names,37M,1 year,"Can ""Stranger Things"" star Millie Bobby Brown guess American food names? Still haven't subscribed to Allure on YouTube?",2024-01-29 06:16:56.841939
/watch?v=7w_xG-G9zu8&pp=ygUEZm9vZA%3D%3D,/@SortedFood,Sorted Food,Chefs vs Normals | Guess the Street Food,218K,13 hours,Today the boys are checking out some more global street food dishes suggested by our community! Time to CANCEL your boring¬†...,2024-01-29 06:16:56.842916
/watch?v=YQGai2PVHBs&pp=ygUEZm9vZA%3D%3D,/@InsiderFood,Insider Food,How 20 Cheeses Are Made Around The World | Regional Eats | Insider Food,8.3M,7 months,We have traveled all over the globe to see how 20 famous regional cheeses are made. From Mozzarella to Stilton ‚Äî Emmentaler¬†...,2024-01-29 06:16:56.844423
/shorts/dAf-hccCas4,/@tiffyycooks,TIFFYCOOKS,what i eat in a day  ~ that time of the month *spicy food*,2.8M,7 months,shortsvideo #shorts #whatieatinaday #food #spicy #foodie #cooking full recipe: https://tiffycooks.com/everything-i-ate-in-a-day/,2024-01-29 06:16:56.845433
/watch?v=1UPmhBwKhO4&pp=ygUEZm9vZA%3D%3D,/@InsiderFood,Insider Food,Finding The Best Full English Breakfast In London | Food Tours | Insider Food,2.8M,10 months,"Food Wars"" hosts Harry Kersh and Joe Avella travel across London to find the best full English breakfast in the city. They'll be¬†...",2024-01-29 06:16:56.846856
/watch?v=wTlERUE8LVw&pp=ygUEZm9vZA%3D%3D,/@BestEverFoodReviewShow,Best Ever Food Review Show,Surviving Manila!! Uncovering Filipino Street Food!! (Full Documentary),5.4M,1 year,SUPPORT OUR MISSION: Patreon is a platform that allows people to support creators on a recurring basis. Your contribution is¬†...,2024-01-29 06:16:56.847830
/watch?v=En7tkelTWLM&pp=ygUEZm9vZA%3D%3D,/@MasterChefWorld,MasterChef World,Best Street Food Dishes | MasterChef Australia | MasterChef World,2.3M,1 year,Some of the best street food dishes from MasterChef Australia. Subscribe to MasterChef World here:¬†...,2024-01-29 06:16:56.849277
/watch?v=-8xTVMtkqv4&pp=ygUEZm9vZA%3D%3D,/@CNBC,CNBC,How Americans Are Tricked Into Buying Fake Food,5.3M,1 year,The food in your kitchen cabinets may not be what it seems. Fraudsters motivated by economic gain secretly infiltrate the global¬†...,2024-01-29 06:16:56.850465
/shorts/ovaHmfy3O6U,/@Doobydobap,Doobydobap,hangover food,16M,10 months,eggs Instagram @doobydobap Join my discord! https://discord.gg/doobyverse www.doobydobap.com for recipes & stories.,2024-01-29 06:16:56.851449
/watch?v=dUjH-nL3j7Q&pp=ygUEZm9vZA%3D%3D,/@hihokids,HiHo Kids,Kids Try TikTok Secret Menu Food Hacks | HiHo Kids,1.1M,7 months,Kids try secret menu hacks found on TikTok. Yum! Sponsor this series: http://bit.ly/2zNbqjw Come play with us! Sign up at¬†...,2024-01-29 06:16:56.852856
/watch?v=AERLmalKz_U&pp=ygUEZm9vZA%3D%3D,/@InsiderFood,Insider Food,How 19 Traditional Italian Foods Are Made | Regional Eats | Insider Food,2.3M,7 months,"Italy is known for its artisanal foods, from gelato to burrata. Today, we travel across Italy to discover how various cheeses, meats,¬†...",2024-01-29 06:16:56.854339
/watch?v=-wiRYfPpInU&pp=ygUEZm9vZA%3D%3D,/@FoodyTrip,FoodyTrip Ìë∏ÎîîÌä∏Î¶Ω,"ÏÇ∞ÎçîÎØ∏ÏßúÏû• Making Amazing Style Noodle Dishes (Jajangmyeon, Jjamppong) - Korean street food",3.6M,1 year,"Jajangmyeon (black-bean-sauce noodle), Jjamppong (seafood spicy noodle soup) / Geummundo, Ganghwa in Incheon Price¬†...",2024-01-29 06:16:56.855291
/watch?v=NLPuCclm5lA&pp=ygUEZm9vZA%3D%3D,/@Foodieee,Foodieee,THE MOST SATISFYING FOOD VIDEO COMPILATION | SATISFYING AND TASTY FOOD,6.1M,3 years,THE MOST SATISFYING FOOD VIDEO COMPILATION | SATISFYING AND TASTY FOOD Contact for cooperation:¬†...,2024-01-29 06:17:21.137956
/watch?v=CKnGXZxK7zs&pp=ygUEZm9vZA%3D%3D,/@InsiderFood,Insider Food,Popular Fast-Food Restaurants In Every State | 50 State Favorites,4.6M,3 years,"We list popular fast-food restaurants from every state in the US, including large chains like In-N-Out and local favorites like¬†...",2024-01-29 06:17:21.141217
/shorts/oHXx5m5sEQk,/@ColleenChristensen,Colleen Christensen,those people you're comparing your food choices to? You aren't always getting the full picture.,43M,9 months,Start breaking your food rules today! Learn more here: https://nofoodrules.co/foodchoices.,2024-01-29 06:17:59.275974
/watch?v=wsQ9GtKsjYQ&pp=ygUEZm9vZA%3D%3D,/@InsiderFood,Insider Food,How The World‚Äôs Biggest Batches Of Food Are Made | Big Batches Season 1 Marathon | Insider Food,5.5M,1 year,"From cooking for 100000 people daily at the Golden Temple in India, to making the world's biggest torta frita in Argentina.",2024-01-29 06:17:59.277323
/shorts/Opyrz0wd1VY,/@KarlRock,Karl Rock,Economy Plane Food Has Changed‚Ä¶ What We Ate üáÆüá≥‚úàÔ∏èüá≥üáø,6.5M,1 year,"I see many first & business-class food reviews, so here's what we ate in economy on our 19-hour flight from India to New Zealand.",2024-01-29 06:17:59.278312
/watch?v=X_FmgiP8ymY&pp=ygUEZm9vZA%3D%3D,/@BestEverFoodReviewShow,Best Ever Food Review Show,Cooking Hmong Food in an American Missile in Laos!!,928K,5 months,"STICKY RICE PATTIES: Soak sticky rice for 1 hour. Steam 3kg for 1 hour, 10 mins. Pound steamed rice till sticky. Mix egg¬†...",2024-01-29 06:19:00.514314
/watch?v=RhWqC4PRko0&pp=ygUEZm9vZA%3D%3D,/@ZachChoi,Zach Choi ASMR,ASMR | Best of Delicious Zach Choi Food #48 | MUKBANG | COOKING,7.6M,9 months,ASMR | Best of Delicious Zach Choi Food #48 | MUKBANG | COOKING Check out my Instagram:¬†...,2024-01-29 06:19:00.515205
/shorts/4_bw8JsXyaM,/@albert_cancook,albert_cancook,Small Sausage Tastes Better #shorts,12M,1 year,Dan-O's available at Walmart! My IG - https://www.instagram.com/albert_cancook/ My Tik Tok¬†...,2024-01-29 06:19:00.516122
